Row ID,Order ID,Order Date,Ship Date,Ship Mode,Customer ID,Customer Name,Segment,Country,City,State,Postal Code,Region,Retail Sales People,Product ID,Category,Sub-Category,Product Name,Returned,Sales,Quantity,Discount,Profit,Latitude,Longitude
1,CA-2016-152156,8/11/2016,11/11/2016,Second Class,CG-12520,Claire Gute,Consumer,United States,Henderson,Kentucky,42420,South,Cassandra Brandow,FUR-BO-10001798,Furniture,Bookcases,Bush Somerset Collection Bookcase,Not,261.96,2,0.00,41.91,37.8367513,-87.5907631
2,CA-2016-152156,8/11/2016,11/11/2016,Second Class,CG-12520,Claire Gute,Consumer,United States,Henderson,Kentucky,42420,South,Cassandra Brandow,FUR-CH-10000454,Furniture,Chairs,"Hon Deluxe Fabric Upholstered Stacking Chairs, Rounded Back",Not,731.94,3,0.00,219.58,37.8367513,-87.5907631
3,CA-2016-138688,12/6/2016,12/6/2016,Second Class,DV-13045,Darrin Van Huff,Corporate,United States,Los Angeles,California,90036,West,Anna Andreadi,OFF-LA-10000240,Office Supplies,Labels,Self-Adhesive Address Labels for Typewriters by Universal,Not,14.62,2,0.00,6.87,34.0536909,-118.242766
4,US-2015-108966,11/10/2015,11/10/2015,Standard Class,SO-20335,Sean O'Donnell,Consumer,United States,Fort Lauderdale,Florida,33311,South,Cassandra Brandow,FUR-TA-10000577,Furniture,Tables,Bretford CR4500 Series Slim Rectangular Table,Not,957.58,5,0.45,-383.03,26.1223084,-80.1433786
5,US-2015-108966,11/10/2015,11/10/2015,Standard Class,SO-20335,Sean O'Donnell,Consumer,United States,Fort Lauderdale,Florida,33311,South,Cassandra Brandow,OFF-ST-10000760,Office Supplies,Storage,Eldon Fold 'N Roll Cart System,Not,22.37,2,0.20,2.52,26.1223084,-80.1433786
6,CA-2014-115812,9/6/2014,9/6/2014,Standard Class,BH-11710,Brosina Hoffman,Consumer,United States,Los Angeles,California,90032,West,Anna Andreadi,FUR-FU-10001487,Furniture,Furnishings,"Eldon Expressions Wood and Plastic Desk Accessories, Cherry Wood",Not,48.86,7,0.00,14.17,34.0536909,-118.242766
7,CA-2014-115812,9/6/2014,9/6/2014,Standard Class,BH-11710,Brosina Hoffman,Consumer,United States,Los Angeles,California,90032,West,Anna Andreadi,OFF-AR-10002833,Office Supplies,Art,Newell 322,Not,7.28,4,0.00,1.97,34.0536909,-118.242766
8,CA-2014-115812,9/6/2014,9/6/2014,Standard Class,BH-11710,Brosina Hoffman,Consumer,United States,Los Angeles,California,90032,West,Anna Andreadi,TEC-PH-10002275,Technology,Phones,Mitel 5320 IP Phone VoIP phone,Not,907.15,6,0.20,90.72,34.0536909,-118.242766
9,CA-2014-115812,9/6/2014,9/6/2014,Standard Class,BH-11710,Brosina Hoffman,Consumer,United States,Los Angeles,California,90032,West,Anna Andreadi,OFF-BI-10003910,Office Supplies,Binders,DXL Angle-View Binders with Locking Rings by Samsill,Not,18.50,3,0.20,5.78,34.0536909,-118.242766
10,CA-2014-115812,9/6/2014,9/6/2014,Standard Class,BH-11710,Brosina Hoffman,Consumer,United States,Los Angeles,California,90032,West,Anna Andreadi,OFF-AP-10002892,Office Supplies,Appliances,Belkin F5C206VTEL 6 Outlet Surge,Not,114.90,5,0.00,34.47,34.0536909,-118.242766
11,CA-2014-115812,9/6/2014,9/6/2014,Standard Class,BH-11710,Brosina Hoffman,Consumer,United States,Los Angeles,California,90032,West,Anna Andreadi,FUR-TA-10001539,Furniture,Tables,Chromcraft Rectangular Conference Tables,Not,1706.18,9,0.20,85.31,34.0536909,-118.242766
12,CA-2014-115812,9/6/2014,9/6/2014,Standard Class,BH-11710,Brosina Hoffman,Consumer,United States,Los Angeles,California,90032,West,Anna Andreadi,TEC-PH-10002033,Technology,Phones,Konftel 250 Conference phone - Charcoal black,Not,911.42,4,0.20,68.36,34.0536909,-118.242766
13,CA-2017-114412,4/15/2017,4/20/2017,Standard Class,AA-10480,Andrew Allen,Consumer,United States,Concord,North Carolina,28027,South,Cassandra Brandow,OFF-PA-10002365,Office Supplies,Paper,Xerox 1967,Not,15.55,3,0.20,5.44,35.4094178,-80.5800049
14,CA-2016-161389,5/12/2016,10/12/2016,Standard Class,IM-15070,Irene Maddox,Consumer,United States,Seattle,Washington,98103,West,Anna Andreadi,OFF-BI-10003656,Office Supplies,Binders,Fellowes PB200 Plastic Comb Binding Machine,Not,407.98,3,0.20,132.59,47.6038321,-122.330062
15,US-2015-118983,11/22/2015,11/26/2015,Standard Class,HP-14815,Harold Pawlan,Home Office,United States,Fort Worth,Texas,76106,Central,Kelly Williams,OFF-AP-10002311,Office Supplies,Appliances,"Holmes Replacement Filter for HEPA Air Cleaner, Very Large Room, HEPA Filter",Not,68.81,5,0.80,-123.86,32.753177,-97.3327459
16,US-2015-118983,11/22/2015,11/26/2015,Standard Class,HP-14815,Harold Pawlan,Home Office,United States,Fort Worth,Texas,76106,Central,Kelly Williams,OFF-BI-10000756,Office Supplies,Binders,Storex DuraTech Recycled Plastic Frosted Binders,Not,2.54,3,0.80,-3.82,32.753177,-97.3327459
17,CA-2014-105893,11/11/2014,11/18/2014,Standard Class,PK-19075,Pete Kriz,Consumer,United States,Madison,Wisconsin,53711,Central,Kelly Williams,OFF-ST-10004186,Office Supplies,Storage,"Stur-D-Stor Shelving, Vertical 5-Shelf: 72""H x 36""W x 18 1/2""D",Not,665.88,6,0.00,13.32,43.074761,-89.3837613
18,CA-2014-167164,5/13/2014,5/15/2014,Second Class,AG-10270,Alejandro Grove,Consumer,United States,West Jordan,Utah,84084,West,Anna Andreadi,OFF-ST-10000107,Office Supplies,Storage,Fellowes Super Stor/Drawer,Not,55.50,2,0.00,9.99,40.6061337,-111.9395211
19,CA-2014-143336,8/27/2014,8/27/2014,Second Class,ZD-21925,Zuschuss Donatelli,Consumer,United States,San Francisco,California,94109,West,Anna Andreadi,OFF-AR-10003056,Office Supplies,Art,Newell 341,Yes,8.56,2,0.00,2.48,37.7792588,-122.4193286
20,CA-2014-143336,8/27/2014,8/27/2014,Second Class,ZD-21925,Zuschuss Donatelli,Consumer,United States,San Francisco,California,94109,West,Anna Andreadi,TEC-PH-10001949,Technology,Phones,Cisco SPA 501G IP Phone,Yes,213.48,3,0.20,16.01,37.7792588,-122.4193286
21,CA-2014-143336,8/27/2014,8/27/2014,Second Class,ZD-21925,Zuschuss Donatelli,Consumer,United States,San Francisco,California,94109,West,Anna Andreadi,OFF-BI-10002215,Office Supplies,Binders,"Wilson Jones Hanging View Binder, White, 1""",Yes,22.72,4,0.20,7.38,37.7792588,-122.4193286
22,CA-2016-137330,9/12/2016,12/13/2016,Standard Class,KB-16585,Ken Black,Corporate,United States,Fremont,Nebraska,68025,Central,Kelly Williams,OFF-AR-10000246,Office Supplies,Art,Newell 318,Not,19.46,7,0.00,5.06,41.4338363,-96.4960449
23,CA-2016-137330,9/12/2016,12/13/2016,Standard Class,KB-16585,Ken Black,Corporate,United States,Fremont,Nebraska,68025,Central,Kelly Williams,OFF-AP-10001492,Office Supplies,Appliances,"Acco Six-Outlet Power Strip, 4' Cord Length",Not,60.34,7,0.00,15.69,41.4338363,-96.4960449
24,US-2017-156909,7/16/2017,7/18/2017,Second Class,SF-20065,Sandra Flanagan,Consumer,United States,Philadelphia,Pennsylvania,19140,East,Chuck Magee,FUR-CH-10002774,Furniture,Chairs,"Global Deluxe Stacking Chair, Gray",Not,71.37,2,0.30,-1.02,39.9527237,-75.1635262
25,CA-2015-106320,9/25/2015,9/30/2015,Standard Class,EB-13870,Emily Burns,Consumer,United States,Orem,Utah,84057,West,Anna Andreadi,FUR-TA-10000577,Furniture,Tables,Bretford CR4500 Series Slim Rectangular Table,Not,1044.63,3,0.00,240.26,40.2981599,-111.6944313
26,CA-2016-121755,1/16/2016,1/20/2016,Second Class,EH-13945,Eric Hoffmann,Consumer,United States,Los Angeles,California,90049,West,Anna Andreadi,OFF-BI-10001634,Office Supplies,Binders,Wilson Jones Active Use Binders,Not,11.65,2,0.20,4.22,34.0536909,-118.242766
27,CA-2016-121755,1/16/2016,1/20/2016,Second Class,EH-13945,Eric Hoffmann,Consumer,United States,Los Angeles,California,90049,West,Anna Andreadi,TEC-AC-10003027,Technology,Accessories,Imation 8GB Mini TravelDrive USB 2.0 Flash Drive,Not,90.57,3,0.00,11.77,34.0536909,-118.242766
28,US-2015-150630,9/17/2015,9/21/2015,Standard Class,TB-21520,Tracy Blumstein,Consumer,United States,Philadelphia,Pennsylvania,19140,East,Chuck Magee,FUR-BO-10004834,Furniture,Bookcases,"Riverside Palais Royal Lawyers Bookcase, Royale Cherry Finish",Not,3083.43,7,0.50,-1665.05,39.9527237,-75.1635262
29,US-2015-150630,9/17/2015,9/21/2015,Standard Class,TB-21520,Tracy Blumstein,Consumer,United States,Philadelphia,Pennsylvania,19140,East,Chuck Magee,OFF-BI-10000474,Office Supplies,Binders,Avery Recycled Flexi-View Covers for Binding Systems,Not,9.62,2,0.70,-7.05,39.9527237,-75.1635262
30,US-2015-150630,9/17/2015,9/21/2015,Standard Class,TB-21520,Tracy Blumstein,Consumer,United States,Philadelphia,Pennsylvania,19140,East,Chuck Magee,FUR-FU-10004848,Furniture,Furnishings,"Howard Miller 13-3/4"" Diameter Brushed Chrome Round Wall Clock",Not,124.20,3,0.20,15.53,39.9527237,-75.1635262
31,US-2015-150630,9/17/2015,9/21/2015,Standard Class,TB-21520,Tracy Blumstein,Consumer,United States,Philadelphia,Pennsylvania,19140,East,Chuck Magee,OFF-EN-10001509,Office Supplies,Envelopes,Poly String Tie Envelopes,Not,3.26,2,0.20,1.10,39.9527237,-75.1635262
32,US-2015-150630,9/17/2015,9/21/2015,Standard Class,TB-21520,Tracy Blumstein,Consumer,United States,Philadelphia,Pennsylvania,19140,East,Chuck Magee,OFF-AR-10004042,Office Supplies,Art,"BOSTON Model 1800 Electric Pencil Sharpeners, Putty/Woodgrain",Not,86.30,6,0.20,9.71,39.9527237,-75.1635262
33,US-2015-150630,9/17/2015,9/21/2015,Standard Class,TB-21520,Tracy Blumstein,Consumer,United States,Philadelphia,Pennsylvania,19140,East,Chuck Magee,OFF-BI-10001525,Office Supplies,Binders,"Acco Pressboard Covers with Storage Hooks, 14 7/8"" x 11"", Executive Red",Not,6.86,6,0.70,-5.71,39.9527237,-75.1635262
34,US-2015-150630,9/17/2015,9/21/2015,Standard Class,TB-21520,Tracy Blumstein,Consumer,United States,Philadelphia,Pennsylvania,19140,East,Chuck Magee,OFF-AR-10001683,Office Supplies,Art,Lumber Crayons,Not,15.76,2,0.20,3.55,39.9527237,-75.1635262
35,CA-2017-107727,10/19/2017,10/23/2017,Second Class,MA-17560,Matt Abelman,Home Office,United States,Houston,Texas,77095,Central,Kelly Williams,OFF-PA-10000249,Office Supplies,Paper,Easy-staple paper,Not,29.47,3,0.20,9.95,29.7589382,-95.3676974
36,CA-2016-117590,8/12/2016,10/12/2016,First Class,GH-14485,Gene Hale,Corporate,United States,Richardson,Texas,75080,Central,Kelly Williams,TEC-PH-10004977,Technology,Phones,GE 30524EE4,Not,1097.54,7,0.20,123.47,32.9481789,-96.7297206
37,CA-2016-117590,8/12/2016,10/12/2016,First Class,GH-14485,Gene Hale,Corporate,United States,Richardson,Texas,75080,Central,Kelly Williams,FUR-FU-10003664,Furniture,Furnishings,"Electrix Architect's Clamp-On Swing Arm Lamp, Black",Not,190.92,5,0.60,-147.96,32.9481789,-96.7297206
38,CA-2015-117415,12/27/2015,12/31/2015,Standard Class,SN-20710,Steve Nguyen,Home Office,United States,Houston,Texas,77041,Central,Kelly Williams,OFF-EN-10002986,Office Supplies,Envelopes,"#10-4 1/8"" x 9 1/2"" Premium Diagonal Seam Envelopes",Not,113.33,9,0.20,35.41,29.7589382,-95.3676974
39,CA-2015-117415,12/27/2015,12/31/2015,Standard Class,SN-20710,Steve Nguyen,Home Office,United States,Houston,Texas,77041,Central,Kelly Williams,FUR-BO-10002545,Furniture,Bookcases,"Atlantic Metals Mobile 3-Shelf Bookcases, Custom Colors",Not,532.40,3,0.32,-46.98,29.7589382,-95.3676974
40,CA-2015-117415,12/27/2015,12/31/2015,Standard Class,SN-20710,Steve Nguyen,Home Office,United States,Houston,Texas,77041,Central,Kelly Williams,FUR-CH-10004218,Furniture,Chairs,"Global Fabric Manager's Chair, Dark Gray",Not,212.06,3,0.30,-15.15,29.7589382,-95.3676974
41,CA-2015-117415,12/27/2015,12/31/2015,Standard Class,SN-20710,Steve Nguyen,Home Office,United States,Houston,Texas,77041,Central,Kelly Williams,TEC-PH-10000486,Technology,Phones,Plantronics HL10 Handset Lifter,Not,371.17,4,0.20,41.76,29.7589382,-95.3676974
42,CA-2017-120999,10/9/2017,10/9/2017,Standard Class,LC-16930,Linda Cazamias,Corporate,United States,Naperville,Illinois,60540,Central,Kelly Williams,TEC-PH-10004093,Technology,Phones,Panasonic Kx-TS550,Not,147.17,4,0.20,16.56,41.7728699,-88.1479278
43,CA-2016-101343,7/17/2016,7/22/2016,Standard Class,RA-19885,Ruben Ausman,Corporate,United States,Los Angeles,California,90049,West,Anna Andreadi,OFF-ST-10003479,Office Supplies,Storage,"Eldon Base for stackable storage shelf, platinum",Not,77.88,2,0.00,3.89,34.0536909,-118.242766
44,CA-2017-139619,9/19/2017,9/23/2017,Standard Class,ES-14080,Erin Smith,Corporate,United States,Melbourne,Florida,32935,South,Cassandra Brandow,OFF-ST-10003282,Office Supplies,Storage,"Advantus 10-Drawer Portable Organizer, Chrome Metal Frame, Smoke Drawers",Not,95.62,2,0.20,9.56,28.0785034,-80.6077908
45,CA-2016-118255,11/3/2016,11/3/2016,First Class,ON-18715,Odella Nelson,Corporate,United States,Eagan,Minnesota,55122,Central,Kelly Williams,TEC-AC-10000171,Technology,Accessories,"Verbatim 25 GB 6x Blu-ray Single Layer Recordable Disc, 25/Pack",Not,45.98,2,0.00,19.77,44.818173,-93.1659179
46,CA-2016-118255,11/3/2016,11/3/2016,First Class,ON-18715,Odella Nelson,Corporate,United States,Eagan,Minnesota,55122,Central,Kelly Williams,OFF-BI-10003291,Office Supplies,Binders,Wilson Jones Leather-Like Binders with DublLock Round Rings,Not,17.46,2,0.00,8.21,44.818173,-93.1659179
47,CA-2014-146703,10/20/2014,10/25/2014,Second Class,PO-18865,Patrick O'Donnell,Consumer,United States,Westland,Michigan,48185,Central,Kelly Williams,OFF-ST-10001713,Office Supplies,Storage,"Gould Plastics 9-Pocket Panel Bin, 18-3/8w x 5-1/4d x 20-1/2h, Black",Not,211.96,4,0.00,8.48,42.3238056,-83.4005321
48,CA-2016-169194,6/20/2016,6/25/2016,Standard Class,LH-16900,Lena Hernandez,Consumer,United States,Dover,Delaware,19901,East,Chuck Magee,TEC-AC-10002167,Technology,Accessories,Imation 8gb Micro Traveldrive Usb 2.0 Flash Drive,Not,45.00,3,0.00,4.95,39.158168,-75.5243682
49,CA-2016-169194,6/20/2016,6/25/2016,Standard Class,LH-16900,Lena Hernandez,Consumer,United States,Dover,Delaware,19901,East,Chuck Magee,TEC-PH-10003988,Technology,Phones,"LF Elite 3D Dazzle Designer Hard Case Cover, Lf Stylus Pen and Wiper For Apple Iphone 5c Mini Lite",Not,21.80,2,0.00,6.10,39.158168,-75.5243682
50,CA-2015-115742,4/18/2015,4/22/2015,Standard Class,DP-13000,Darren Powers,Consumer,United States,New Albany,Indiana,47150,Central,Kelly Williams,OFF-BI-10004410,Office Supplies,Binders,"C-Line Peel & Stick Add-On Filing Pockets, 8-3/4 x 5-1/8, 10/Pack",Not,38.22,6,0.00,17.96,38.2856247,-85.8241312
51,CA-2015-115742,4/18/2015,4/22/2015,Standard Class,DP-13000,Darren Powers,Consumer,United States,New Albany,Indiana,47150,Central,Kelly Williams,OFF-LA-10002762,Office Supplies,Labels,Avery 485,Not,75.18,6,0.00,35.33,38.2856247,-85.8241312
52,CA-2015-115742,4/18/2015,4/22/2015,Standard Class,DP-13000,Darren Powers,Consumer,United States,New Albany,Indiana,47150,Central,Kelly Williams,FUR-FU-10001706,Furniture,Furnishings,Longer-Life Soft White Bulbs,Not,6.16,2,0.00,2.96,38.2856247,-85.8241312
53,CA-2015-115742,4/18/2015,4/22/2015,Standard Class,DP-13000,Darren Powers,Consumer,United States,New Albany,Indiana,47150,Central,Kelly Williams,FUR-CH-10003061,Furniture,Chairs,"Global Leather Task Chair, Black",Not,89.99,1,0.00,17.10,38.2856247,-85.8241312
54,CA-2016-105816,11/12/2016,12/17/2016,Standard Class,JM-15265,Janet Molinari,Corporate,United States,New York City,New York,10024,East,Chuck Magee,OFF-FA-10000304,Office Supplies,Fasteners,Advantus Push Pins,Not,15.26,7,0.00,6.26,40.7127281,-74.0060152
55,CA-2016-105816,11/12/2016,12/17/2016,Standard Class,JM-15265,Janet Molinari,Corporate,United States,New York City,New York,10024,East,Chuck Magee,TEC-PH-10002447,Technology,Phones,AT&T CL83451 4-Handset Telephone,Not,1029.95,5,0.00,298.69,40.7127281,-74.0060152
56,CA-2016-111682,6/17/2016,6/18/2016,First Class,TB-21055,Ted Butterfield,Consumer,United States,Troy,New York,12180,East,Chuck Magee,OFF-ST-10000604,Office Supplies,Storage,Home/Office Personal File Carts,Yes,208.56,6,0.00,52.14,42.7284117,-73.6917878
57,CA-2016-111682,6/17/2016,6/18/2016,First Class,TB-21055,Ted Butterfield,Consumer,United States,Troy,New York,12180,East,Chuck Magee,OFF-PA-10001569,Office Supplies,Paper,Xerox 232,Yes,32.40,5,0.00,15.55,42.7284117,-73.6917878
58,CA-2016-111682,6/17/2016,6/18/2016,First Class,TB-21055,Ted Butterfield,Consumer,United States,Troy,New York,12180,East,Chuck Magee,FUR-CH-10003968,Furniture,Chairs,Novimex Turbo Task Chair,Yes,319.41,5,0.10,7.10,42.7284117,-73.6917878
59,CA-2016-111682,6/17/2016,6/18/2016,First Class,TB-21055,Ted Butterfield,Consumer,United States,Troy,New York,12180,East,Chuck Magee,OFF-PA-10000587,Office Supplies,Paper,"Array Parchment Paper, Assorted Colors",Yes,14.56,2,0.00,6.99,42.7284117,-73.6917878
60,CA-2016-111682,6/17/2016,6/18/2016,First Class,TB-21055,Ted Butterfield,Consumer,United States,Troy,New York,12180,East,Chuck Magee,TEC-AC-10002167,Technology,Accessories,Imation 8gb Micro Traveldrive Usb 2.0 Flash Drive,Yes,30.00,2,0.00,3.30,42.7284117,-73.6917878
61,CA-2016-111682,6/17/2016,6/18/2016,First Class,TB-21055,Ted Butterfield,Consumer,United States,Troy,New York,12180,East,Chuck Magee,OFF-BI-10001460,Office Supplies,Binders,Plastic Binding Combs,Yes,48.48,4,0.20,16.36,42.7284117,-73.6917878
62,CA-2016-111682,6/17/2016,6/18/2016,First Class,TB-21055,Ted Butterfield,Consumer,United States,Troy,New York,12180,East,Chuck Magee,OFF-AR-10001868,Office Supplies,Art,Prang Dustless Chalk Sticks,Yes,1.68,1,0.00,0.84,42.7284117,-73.6917878
63,CA-2015-135545,11/24/2015,11/30/2015,Standard Class,KM-16720,Kunst Miller,Consumer,United States,Los Angeles,California,90004,West,Anna Andreadi,TEC-AC-10004633,Technology,Accessories,"Verbatim 25 GB 6x Blu-ray Single Layer Recordable Disc, 3/Pack",Not,13.98,2,0.00,6.15,34.0536909,-118.242766
64,CA-2015-135545,11/24/2015,11/30/2015,Standard Class,KM-16720,Kunst Miller,Consumer,United States,Los Angeles,California,90004,West,Anna Andreadi,OFF-BI-10001078,Office Supplies,Binders,"Acco PRESSTEX Data Binder with Storage Hooks, Dark Blue, 14 7/8"" X 11""",Not,25.82,6,0.20,9.36,34.0536909,-118.242766
65,CA-2015-135545,11/24/2015,11/30/2015,Standard Class,KM-16720,Kunst Miller,Consumer,United States,Los Angeles,California,90004,West,Anna Andreadi,OFF-PA-10003892,Office Supplies,Paper,Xerox 1943,Not,146.73,3,0.00,68.96,34.0536909,-118.242766
66,CA-2015-135545,11/24/2015,11/30/2015,Standard Class,KM-16720,Kunst Miller,Consumer,United States,Los Angeles,California,90004,West,Anna Andreadi,FUR-FU-10000397,Furniture,Furnishings,Luxo Economy Swing Arm Lamp,Not,79.76,4,0.00,22.33,34.0536909,-118.242766
67,US-2015-164175,4/30/2015,5/5/2015,Standard Class,PS-18970,Paul Stevenson,Home Office,United States,Chicago,Illinois,60610,Central,Kelly Williams,FUR-CH-10001146,Furniture,Chairs,"Global Value Mid-Back Manager's Chair, Gray",Not,213.12,5,0.30,-15.22,41.8755616,-87.6244212
68,CA-2014-106376,5/12/2014,10/12/2014,Standard Class,BS-11590,Brendan Sweed,Corporate,United States,Gilbert,Arizona,85234,West,Anna Andreadi,OFF-AR-10002671,Office Supplies,Art,"Hunt BOSTON Model 1606 High-Volume Electric Pencil Sharpener, Beige",Not,1113.02,8,0.20,111.30,33.3527632,-111.789037
69,CA-2014-106376,5/12/2014,10/12/2014,Standard Class,BS-11590,Brendan Sweed,Corporate,United States,Gilbert,Arizona,85234,West,Anna Andreadi,TEC-PH-10002726,Technology,Phones,netTALK DUO VoIP Telephone Service,Not,167.97,4,0.20,62.99,33.3527632,-111.789037
70,CA-2016-119823,4/6/2016,6/6/2016,First Class,KD-16270,Karen Daniels,Consumer,United States,Springfield,Virginia,22153,South,Cassandra Brandow,OFF-PA-10000482,Office Supplies,Paper,"Snap-A-Way Black Print Carbonless Ruled Speed Letter, Triplicate",Not,75.88,2,0.00,35.66,38.7791227,-77.1861196
71,CA-2016-106075,9/18/2016,9/23/2016,Standard Class,HM-14980,Henry MacAllister,Consumer,United States,New York City,New York,10009,East,Chuck Magee,OFF-BI-10004654,Office Supplies,Binders,Avery Binding System Hidden Tab Executive Style Index Sets,Not,4.62,1,0.20,1.73,40.7127281,-74.0060152
72,CA-2017-114440,9/14/2017,9/17/2017,Second Class,TB-21520,Tracy Blumstein,Consumer,United States,Jackson,Michigan,49201,Central,Kelly Williams,OFF-PA-10004675,Office Supplies,Paper,"Telephone Message Books with Fax/Mobile Section, 5 1/2"" x 3 3/16""",Not,19.05,3,0.00,8.76,42.2465036,-84.4016963
73,US-2015-134026,4/26/2015,4/26/2015,Standard Class,JE-15745,Joel Eaton,Consumer,United States,Memphis,Tennessee,38109,South,Cassandra Brandow,FUR-CH-10000513,Furniture,Chairs,High-Back Leather Manager's Chair,Not,831.94,8,0.20,-114.39,35.1460249,-90.0517638
74,US-2015-134026,4/26/2015,4/26/2015,Standard Class,JE-15745,Joel Eaton,Consumer,United States,Memphis,Tennessee,38109,South,Cassandra Brandow,FUR-FU-10003708,Furniture,Furnishings,"Tenex Traditional Chairmats for Medium Pile Carpet, Standard Lip, 36"" x 48""",Not,97.04,2,0.20,1.21,35.1460249,-90.0517638
75,US-2015-134026,4/26/2015,4/26/2015,Standard Class,JE-15745,Joel Eaton,Consumer,United States,Memphis,Tennessee,38109,South,Cassandra Brandow,OFF-ST-10004123,Office Supplies,Storage,Safco Industrial Wire Shelving System,Not,72.78,1,0.20,-18.20,35.1460249,-90.0517638
76,US-2017-118038,9/12/2017,11/12/2017,First Class,KB-16600,Ken Brennan,Corporate,United States,Houston,Texas,77041,Central,Kelly Williams,OFF-BI-10004182,Office Supplies,Binders,Economy Binders,Not,1.25,3,0.80,-1.93,29.7589382,-95.3676974
77,US-2017-118038,9/12/2017,11/12/2017,First Class,KB-16600,Ken Brennan,Corporate,United States,Houston,Texas,77041,Central,Kelly Williams,FUR-FU-10000260,Furniture,Furnishings,"6"" Cubicle Wall Clock, Black",Not,9.71,3,0.60,-5.82,29.7589382,-95.3676974
78,US-2017-118038,9/12/2017,11/12/2017,First Class,KB-16600,Ken Brennan,Corporate,United States,Houston,Texas,77041,Central,Kelly Williams,OFF-ST-10000615,Office Supplies,Storage,"SimpliFile Personal File, Black Granite, 15w x 6-15/16d x 11-1/4h",Not,27.24,3,0.20,2.72,29.7589382,-95.3676974
79,US-2014-147606,11/26/2014,11/26/2014,Second Class,JE-15745,Joel Eaton,Consumer,United States,Houston,Texas,77070,Central,Kelly Williams,FUR-FU-10003194,Furniture,Furnishings,"Eldon Expressions Desk Accessory, Wood Pencil Holder, Oak",Not,19.30,5,0.60,-14.47,29.7589382,-95.3676974
80,CA-2016-127208,12/6/2016,12/6/2016,First Class,SC-20770,Stewart Carmichael,Corporate,United States,Decatur,Alabama,35601,South,Cassandra Brandow,OFF-AP-10002118,Office Supplies,Appliances,"1.7 Cubic Foot Compact ""Cube"" Office Refrigerators",Not,208.16,1,0.00,56.20,34.6060203,-86.9838165
81,CA-2016-127208,12/6/2016,12/6/2016,First Class,SC-20770,Stewart Carmichael,Corporate,United States,Decatur,Alabama,35601,South,Cassandra Brandow,OFF-BI-10002309,Office Supplies,Binders,Avery Heavy-Duty EZD  Binder With Locking Rings,Not,16.74,3,0.00,8.04,34.6060203,-86.9838165
82,CA-2014-139451,12/10/2014,12/10/2014,Standard Class,DN-13690,Duane Noonan,Consumer,United States,San Francisco,California,94122,West,Anna Andreadi,OFF-AR-10002053,Office Supplies,Art,"Premium Writing Pencils, Soft, #2 by Central Association for the Blind",Not,14.90,5,0.00,4.17,37.7792588,-122.4193286
83,CA-2014-139451,12/10/2014,12/10/2014,Standard Class,DN-13690,Duane Noonan,Consumer,United States,San Francisco,California,94122,West,Anna Andreadi,OFF-ST-10002370,Office Supplies,Storage,"Sortfiler Multipurpose Personal File Organizer, Black",Not,21.39,1,0.00,6.20,37.7792588,-122.4193286
84,CA-2015-149734,3/9/2015,8/9/2015,Standard Class,JC-16105,Julie Creighton,Corporate,United States,Durham,North Carolina,27707,South,Cassandra Brandow,OFF-EN-10000927,Office Supplies,Envelopes,Jet-Pak Recycled Peel 'N' Seal Padded Mailers,Not,200.98,7,0.20,62.81,35.996653,-78.9018053
85,US-2017-119662,11/13/2017,11/16/2017,First Class,CS-12400,Christopher Schild,Home Office,United States,Chicago,Illinois,60623,Central,Kelly Williams,OFF-ST-10003656,Office Supplies,Storage,Safco Industrial Wire Shelving,Not,230.38,3,0.20,-48.95,41.8755616,-87.6244212
86,CA-2017-140088,5/28/2017,5/30/2017,Second Class,PO-18865,Patrick O'Donnell,Consumer,United States,Columbia,South Carolina,29203,South,Cassandra Brandow,FUR-CH-10000863,Furniture,Chairs,Novimex Swivel Fabric Task Chair,Not,301.96,2,0.00,33.22,34.0003117,-81.0331309
87,CA-2017-155558,10/26/2017,10/26/2017,Standard Class,PG-18895,Paul Gonzalez,Consumer,United States,Rochester,Minnesota,55901,Central,Kelly Williams,TEC-AC-10001998,Technology,Accessories,Logitech LS21 Speaker System - PC Multimedia - 2.1-CH - Wired,Not,19.99,1,0.00,6.80,44.0234387,-92.4630182
88,CA-2017-155558,10/26/2017,10/26/2017,Standard Class,PG-18895,Paul Gonzalez,Consumer,United States,Rochester,Minnesota,55901,Central,Kelly Williams,OFF-LA-10000134,Office Supplies,Labels,Avery 511,Not,6.16,2,0.00,2.96,44.0234387,-92.4630182
89,CA-2016-159695,5/4/2016,10/4/2016,Second Class,GM-14455,Gary Mitchum,Home Office,United States,Houston,Texas,77095,Central,Kelly Williams,OFF-ST-10003442,Office Supplies,Storage,Eldon Portable Mobile Manager,Not,158.37,7,0.20,13.86,29.7589382,-95.3676974
90,CA-2016-109806,9/17/2016,9/22/2016,Standard Class,JS-15685,Jim Sink,Corporate,United States,Los Angeles,California,90036,West,Anna Andreadi,OFF-AR-10004930,Office Supplies,Art,Turquoise Lead Holder with Pocket Clip,Yes,20.10,3,0.00,6.63,34.0536909,-118.242766
91,CA-2016-109806,9/17/2016,9/22/2016,Standard Class,JS-15685,Jim Sink,Corporate,United States,Los Angeles,California,90036,West,Anna Andreadi,TEC-PH-10004093,Technology,Phones,Panasonic Kx-TS550,Yes,73.58,2,0.20,8.28,34.0536909,-118.242766
92,CA-2016-109806,9/17/2016,9/22/2016,Standard Class,JS-15685,Jim Sink,Corporate,United States,Los Angeles,California,90036,West,Anna Andreadi,OFF-PA-10000304,Office Supplies,Paper,Xerox 1995,Yes,6.48,1,0.00,3.11,34.0536909,-118.242766
93,CA-2015-149587,1/31/2015,5/2/2015,Second Class,KB-16315,Karl Braun,Consumer,United States,Minneapolis,Minnesota,55407,Central,Kelly Williams,OFF-PA-10003177,Office Supplies,Paper,Xerox 1999,Not,12.96,2,0.00,6.22,44.9772995,-93.2654692
94,CA-2015-149587,1/31/2015,5/2/2015,Second Class,KB-16315,Karl Braun,Consumer,United States,Minneapolis,Minnesota,55407,Central,Kelly Williams,FUR-FU-10003799,Furniture,Furnishings,"Seth Thomas 13 1/2"" Wall Clock",Not,53.34,3,0.00,16.54,44.9772995,-93.2654692
95,CA-2015-149587,1/31/2015,5/2/2015,Second Class,KB-16315,Karl Braun,Consumer,United States,Minneapolis,Minnesota,55407,Central,Kelly Williams,OFF-BI-10002852,Office Supplies,Binders,Ibico Standard Transparent Covers,Not,32.96,2,0.00,16.15,44.9772995,-93.2654692
96,US-2017-109484,6/11/2017,12/11/2017,Standard Class,RB-19705,Roger Barcio,Home Office,United States,Portland,Oregon,97206,West,Anna Andreadi,OFF-BI-10004738,Office Supplies,Binders,Flexible Leather- Look Classic Collection Ring Binder,Not,5.68,1,0.70,-3.79,45.5202471,-122.674194
97,CA-2017-161018,9/11/2017,11/11/2017,Second Class,PN-18775,Parhena Norris,Home Office,United States,New York City,New York,10009,East,Chuck Magee,FUR-FU-10000629,Furniture,Furnishings,9-3/4 Diameter Round Wall Clock,Not,96.53,7,0.00,40.54,40.7127281,-74.0060152
98,CA-2017-157833,6/17/2017,6/20/2017,First Class,KD-16345,Katherine Ducich,Consumer,United States,San Francisco,California,94122,West,Anna Andreadi,OFF-BI-10001721,Office Supplies,Binders,Trimflex Flexible Post Binders,Not,51.31,3,0.20,17.96,37.7792588,-122.4193286
99,CA-2016-149223,6/9/2016,11/9/2016,Standard Class,ER-13855,Elpida Rittenbach,Corporate,United States,Saint Paul,Minnesota,55106,Central,Kelly Williams,OFF-AP-10000358,Office Supplies,Appliances,Fellowes Basic Home/Office Series Surge Protectors,Not,77.88,6,0.00,22.59,44.9497487,-93.0931028
100,CA-2016-158568,8/29/2016,8/29/2016,Standard Class,RB-19465,Rick Bensley,Home Office,United States,Chicago,Illinois,60610,Central,Kelly Williams,OFF-PA-10003256,Office Supplies,Paper,Avery Personal Creations Heavyweight Cards,Not,64.62,7,0.20,22.62,41.8755616,-87.6244212
101,CA-2016-158568,8/29/2016,8/29/2016,Standard Class,RB-19465,Rick Bensley,Home Office,United States,Chicago,Illinois,60610,Central,Kelly Williams,TEC-AC-10001767,Technology,Accessories,SanDisk Ultra 64 GB MicroSDHC Class 10 Memory Card,Not,95.98,3,0.20,-10.80,41.8755616,-87.6244212
102,CA-2016-158568,8/29/2016,8/29/2016,Standard Class,RB-19465,Rick Bensley,Home Office,United States,Chicago,Illinois,60610,Central,Kelly Williams,OFF-BI-10002609,Office Supplies,Binders,Avery Hidden Tab Dividers for Binding Systems,Not,1.79,3,0.80,-3.04,41.8755616,-87.6244212
103,CA-2016-129903,1/12/2016,4/12/2016,Second Class,GZ-14470,Gary Zandusky,Consumer,United States,Rochester,Minnesota,55901,Central,Kelly Williams,OFF-PA-10004040,Office Supplies,Paper,Universal Premium White Copier/Laser Paper (20Lb. and 87 Bright),Not,23.92,4,0.00,11.72,44.0234387,-92.4630182
104,US-2015-156867,11/13/2015,11/17/2015,Standard Class,LC-16870,Lena Cacioppo,Consumer,United States,Aurora,Colorado,80013,West,Anna Andreadi,TEC-AC-10001552,Technology,Accessories,Logitech K350 2.4Ghz Wireless Keyboard,Not,238.90,6,0.20,-26.88,39.7405111,-104.830994
105,US-2015-156867,11/13/2015,11/17/2015,Standard Class,LC-16870,Lena Cacioppo,Consumer,United States,Aurora,Colorado,80013,West,Anna Andreadi,FUR-FU-10004006,Furniture,Furnishings,"Deflect-o DuraMat Lighweight, Studded, Beveled Mat for Low Pile Carpeting",Not,102.36,3,0.20,-3.84,39.7405111,-104.830994
106,US-2015-156867,11/13/2015,11/17/2015,Standard Class,LC-16870,Lena Cacioppo,Consumer,United States,Aurora,Colorado,80013,West,Anna Andreadi,OFF-BI-10002794,Office Supplies,Binders,"Avery Trapezoid Ring Binder, 3"" Capacity, Black, 1040 sheets",Not,36.88,3,0.70,-25.82,39.7405111,-104.830994
107,CA-2017-119004,11/23/2017,11/28/2017,Standard Class,JM-15250,Janet Martin,Consumer,United States,Charlotte,North Carolina,28205,South,Cassandra Brandow,TEC-AC-10003499,Technology,Accessories,Memorex Mini Travel Drive 8 GB USB 2.0 Flash Drive,Not,74.11,8,0.20,17.60,35.2272086,-80.8430827
108,CA-2017-119004,11/23/2017,11/28/2017,Standard Class,JM-15250,Janet Martin,Consumer,United States,Charlotte,North Carolina,28205,South,Cassandra Brandow,TEC-PH-10002844,Technology,Phones,Speck Products Candyshell Flip Case,Not,27.99,1,0.20,2.10,35.2272086,-80.8430827
109,CA-2017-119004,11/23/2017,11/28/2017,Standard Class,JM-15250,Janet Martin,Consumer,United States,Charlotte,North Carolina,28205,South,Cassandra Brandow,OFF-AR-10000390,Office Supplies,Art,Newell Chalk Holder,Not,3.30,1,0.20,1.07,35.2272086,-80.8430827
110,CA-2015-129476,10/15/2015,10/20/2015,Standard Class,PA-19060,Pete Armstrong,Home Office,United States,Orland Park,Illinois,60462,Central,Kelly Williams,TEC-AC-10000844,Technology,Accessories,Logitech Gaming G510s - Keyboard,Not,339.96,5,0.20,67.99,41.630663,-87.8536288
111,CA-2017-146780,12/25/2017,12/30/2017,Standard Class,CV-12805,Cynthia Voltz,Corporate,United States,New York City,New York,10035,East,Chuck Magee,FUR-FU-10001934,Furniture,Furnishings,Magnifier Swing Arm Lamp,Not,41.96,2,0.00,10.91,40.7127281,-74.0060152
112,CA-2016-128867,3/11/2016,10/11/2016,Standard Class,CL-12565,Clay Ludtke,Consumer,United States,Urbandale,Iowa,50322,Central,Kelly Williams,OFF-AR-10000380,Office Supplies,Art,"Hunt PowerHouse Electric Pencil Sharpener, Blue",Not,75.96,2,0.00,22.79,41.6274511,-93.7380243
113,CA-2016-128867,3/11/2016,10/11/2016,Standard Class,CL-12565,Clay Ludtke,Consumer,United States,Urbandale,Iowa,50322,Central,Kelly Williams,OFF-BI-10003981,Office Supplies,Binders,"Avery Durable Plastic 1"" Binders",Not,27.24,6,0.00,13.35,41.6274511,-93.7380243
114,CA-2014-115259,8/25/2014,8/27/2014,Second Class,RC-19960,Ryan Crowe,Consumer,United States,Columbus,Ohio,43229,East,Chuck Magee,OFF-FA-10000621,Office Supplies,Fasteners,"OIC Colored Binder Clips, Assorted Sizes",Not,40.10,14,0.20,14.53,39.9622601,-83.0007065
115,CA-2014-115259,8/25/2014,8/27/2014,Second Class,RC-19960,Ryan Crowe,Consumer,United States,Columbus,Ohio,43229,East,Chuck Magee,OFF-EN-10002600,Office Supplies,Envelopes,"Redi-Strip #10 Envelopes, 4 1/8 x 9 1/2",Not,4.72,2,0.20,1.65,39.9622601,-83.0007065
116,CA-2014-115259,8/25/2014,8/27/2014,Second Class,RC-19960,Ryan Crowe,Consumer,United States,Columbus,Ohio,43229,East,Chuck Magee,OFF-PA-10004965,Office Supplies,Paper,Xerox 1921,Not,23.98,3,0.20,7.49,39.9622601,-83.0007065
117,CA-2014-115259,8/25/2014,8/27/2014,Second Class,RC-19960,Ryan Crowe,Consumer,United States,Columbus,Ohio,43229,East,Chuck Magee,OFF-EN-10002504,Office Supplies,Envelopes,"Tyvek  Top-Opening Peel & Seel Envelopes, Plain White",Not,130.46,6,0.20,44.03,39.9622601,-83.0007065
118,CA-2015-110457,2/3/2015,6/3/2015,Standard Class,DK-13090,Dave Kipp,Consumer,United States,Seattle,Washington,98103,West,Anna Andreadi,FUR-TA-10001768,Furniture,Tables,Hon Racetrack Conference Tables,Not,787.53,3,0.00,165.38,47.6038321,-122.330062
119,US-2015-136476,5/4/2015,10/4/2015,Standard Class,GG-14650,Greg Guthrie,Corporate,United States,Bristol,Tennessee,37620,South,Cassandra Brandow,OFF-BI-10003650,Office Supplies,Binders,GBC DocuBind 300 Electric Binding Machine,Not,157.79,1,0.70,-115.72,36.5945034,-82.1885212
120,CA-2016-103730,12/6/2016,12/6/2016,First Class,SC-20725,Steven Cartwright,Consumer,United States,Wilmington,Delaware,19805,East,Chuck Magee,FUR-FU-10002157,Furniture,Furnishings,Artistic Insta-Plaque,Not,47.04,3,0.00,18.35,39.7459468,-75.546589
121,CA-2016-103730,12/6/2016,12/6/2016,First Class,SC-20725,Steven Cartwright,Consumer,United States,Wilmington,Delaware,19805,East,Chuck Magee,OFF-BI-10003910,Office Supplies,Binders,DXL Angle-View Binders with Locking Rings by Samsill,Not,30.84,4,0.00,13.88,39.7459468,-75.546589
122,CA-2016-103730,12/6/2016,12/6/2016,First Class,SC-20725,Steven Cartwright,Consumer,United States,Wilmington,Delaware,19805,East,Chuck Magee,OFF-ST-10000777,Office Supplies,Storage,"Companion Letter/Legal File, Black",Not,226.56,6,0.00,63.44,39.7459468,-75.546589
123,CA-2016-103730,12/6/2016,12/6/2016,First Class,SC-20725,Steven Cartwright,Consumer,United States,Wilmington,Delaware,19805,East,Chuck Magee,OFF-EN-10002500,Office Supplies,Envelopes,Globe Weis Peel & Seel First Class Envelopes,Not,115.02,9,0.00,51.76,39.7459468,-75.546589
124,CA-2016-103730,12/6/2016,12/6/2016,First Class,SC-20725,Steven Cartwright,Consumer,United States,Wilmington,Delaware,19805,East,Chuck Magee,TEC-PH-10003875,Technology,Phones,KLD Oscar II Style Snap-on Ultra Thin Side Flip Synthetic Leather Cover Case for HTC One HTC M7,Not,68.04,7,0.00,19.73,39.7459468,-75.546589
125,US-2014-152030,12/26/2014,12/28/2014,Second Class,AD-10180,Alan Dominguez,Home Office,United States,Houston,Texas,77041,Central,Kelly Williams,FUR-CH-10004063,Furniture,Chairs,Global Deluxe High-Back Manager's Chair,Not,600.56,3,0.30,-8.58,29.7589382,-95.3676974
126,US-2014-134614,9/20/2014,9/25/2014,Standard Class,PF-19165,Philip Fox,Consumer,United States,Bloomington,Illinois,61701,Central,Kelly Williams,FUR-TA-10004534,Furniture,Tables,Bevis 44 x 96 Conference Tables,Not,617.70,6,0.50,-407.68,40.4797828,-88.9939147
127,US-2017-107272,5/11/2017,12/11/2017,Standard Class,TS-21610,Troy Staebel,Consumer,United States,Phoenix,Arizona,85023,West,Anna Andreadi,OFF-BI-10003274,Office Supplies,Binders,"Avery Durable Slant Ring Binders, No Labels",Not,2.39,2,0.70,-1.83,33.4484367,-112.074141
128,US-2017-107272,5/11/2017,12/11/2017,Standard Class,TS-21610,Troy Staebel,Consumer,United States,Phoenix,Arizona,85023,West,Anna Andreadi,OFF-ST-10002974,Office Supplies,Storage,"Trav-L-File Heavy-Duty Shuttle II, Black",Not,243.99,7,0.20,30.50,33.4484367,-112.074141
129,US-2016-125969,6/11/2016,10/11/2016,Second Class,LS-16975,Lindsay Shagiari,Home Office,United States,Los Angeles,California,90004,West,Anna Andreadi,FUR-CH-10001146,Furniture,Chairs,"Global Task Chair, Black",Not,81.42,2,0.20,-9.16,34.0536909,-118.242766
130,US-2016-125969,6/11/2016,10/11/2016,Second Class,LS-16975,Lindsay Shagiari,Home Office,United States,Los Angeles,California,90004,West,Anna Andreadi,FUR-FU-10003773,Furniture,Furnishings,Eldon Cleatmat Plus Chair Mats for High Pile Carpets,Not,238.56,3,0.00,26.24,34.0536909,-118.242766
131,US-2017-164147,2/2/2017,5/2/2017,First Class,DW-13585,Dorothy Wardle,Corporate,United States,Columbus,Ohio,43229,East,Chuck Magee,TEC-PH-10002293,Technology,Phones,Anker 36W 4-Port USB Wall Charger Travel Power Adapter for iPhone 5s 5c 5,Not,59.97,5,0.40,-11.99,39.9622601,-83.0007065
132,US-2017-164147,2/2/2017,5/2/2017,First Class,DW-13585,Dorothy Wardle,Corporate,United States,Columbus,Ohio,43229,East,Chuck Magee,OFF-PA-10002377,Office Supplies,Paper,Xerox 1916,Not,78.30,2,0.20,29.36,39.9622601,-83.0007065
133,US-2017-164147,2/2/2017,5/2/2017,First Class,DW-13585,Dorothy Wardle,Corporate,United States,Columbus,Ohio,43229,East,Chuck Magee,OFF-FA-10002780,Office Supplies,Fasteners,Staples,Not,21.46,9,0.20,6.97,39.9622601,-83.0007065
134,CA-2016-145583,10/13/2016,10/19/2016,Standard Class,LC-16885,Lena Creighton,Consumer,United States,Roseville,California,95661,West,Anna Andreadi,OFF-PA-10001804,Office Supplies,Paper,Xerox 195,Yes,20.04,3,0.00,9.62,38.7521235,-121.2880059
135,CA-2016-145583,10/13/2016,10/19/2016,Standard Class,LC-16885,Lena Creighton,Consumer,United States,Roseville,California,95661,West,Anna Andreadi,OFF-PA-10001736,Office Supplies,Paper,Xerox 1880,Yes,35.44,1,0.00,16.66,38.7521235,-121.2880059
136,CA-2016-145583,10/13/2016,10/19/2016,Standard Class,LC-16885,Lena Creighton,Consumer,United States,Roseville,California,95661,West,Anna Andreadi,OFF-AR-10001149,Office Supplies,Art,"Sanford Colorific Colored Pencils, 12/Box",Yes,11.52,4,0.00,3.46,38.7521235,-121.2880059
137,CA-2016-145583,10/13/2016,10/19/2016,Standard Class,LC-16885,Lena Creighton,Consumer,United States,Roseville,California,95661,West,Anna Andreadi,OFF-FA-10002988,Office Supplies,Fasteners,Ideal Clamps,Yes,4.02,2,0.00,1.97,38.7521235,-121.2880059
138,CA-2016-145583,10/13/2016,10/19/2016,Standard Class,LC-16885,Lena Creighton,Consumer,United States,Roseville,California,95661,West,Anna Andreadi,OFF-BI-10004781,Office Supplies,Binders,GBC Wire Binding Strips,Yes,76.18,3,0.20,26.66,38.7521235,-121.2880059
139,CA-2016-145583,10/13/2016,10/19/2016,Standard Class,LC-16885,Lena Creighton,Consumer,United States,Roseville,California,95661,West,Anna Andreadi,OFF-SU-10001218,Office Supplies,Supplies,Fiskars Softgrip Scissors,Yes,65.88,6,0.00,18.45,38.7521235,-121.2880059
140,CA-2016-145583,10/13/2016,10/19/2016,Standard Class,LC-16885,Lena Creighton,Consumer,United States,Roseville,California,95661,West,Anna Andreadi,FUR-FU-10001706,Furniture,Furnishings,Longer-Life Soft White Bulbs,Yes,43.12,14,0.00,20.70,38.7521235,-121.2880059
141,CA-2016-110366,5/9/2016,7/9/2016,Second Class,JD-15895,Jonathan Doherty,Corporate,United States,Philadelphia,Pennsylvania,19140,East,Chuck Magee,FUR-FU-10004848,Furniture,Furnishings,"Howard Miller 13-3/4"" Diameter Brushed Chrome Round Wall Clock",Not,82.80,2,0.20,10.35,39.9527237,-75.1635262
142,CA-2017-106180,9/18/2017,9/23/2017,Standard Class,SH-19975,Sally Hughsby,Corporate,United States,San Francisco,California,94122,West,Anna Andreadi,OFF-AR-10000940,Office Supplies,Art,Newell 343,Not,8.82,3,0.00,2.38,37.7792588,-122.4193286
143,CA-2017-106180,9/18/2017,9/23/2017,Standard Class,SH-19975,Sally Hughsby,Corporate,United States,San Francisco,California,94122,West,Anna Andreadi,OFF-EN-10004030,Office Supplies,Envelopes,Convenience Packs of Business Envelopes,Not,10.86,3,0.00,5.10,37.7792588,-122.4193286
144,CA-2017-106180,9/18/2017,9/23/2017,Standard Class,SH-19975,Sally Hughsby,Corporate,United States,San Francisco,California,94122,West,Anna Andreadi,OFF-PA-10004327,Office Supplies,Paper,Xerox 1911,Not,143.70,3,0.00,68.98,37.7792588,-122.4193286
145,CA-2017-155376,12/22/2017,12/27/2017,Standard Class,SG-20080,Sandra Glassco,Consumer,United States,Independence,Missouri,64055,Central,Kelly Williams,OFF-AP-10001058,Office Supplies,Appliances,Sanyo 2.5 Cubic Foot Mid-Size Office Refrigerators,Not,839.43,3,0.00,218.25,39.0924792,-94.4137923
146,CA-2015-110744,7/9/2015,12/9/2015,Standard Class,HA-14920,Helen Andreada,Consumer,United States,Pasadena,California,91104,West,Anna Andreadi,OFF-ST-10003656,Office Supplies,Storage,Safco Industrial Wire Shelving,Not,671.93,7,0.00,20.16,34.1476507,-118.144155
147,CA-2014-110072,10/22/2014,10/28/2014,Standard Class,MG-17680,Maureen Gastineau,Home Office,United States,Newark,Ohio,43055,East,Chuck Magee,FUR-FU-10000521,Furniture,Furnishings,"Seth Thomas 14"" Putty-Colored Wall Clock",Not,93.89,4,0.20,12.91,40.0581205,-82.4012643
148,CA-2016-114489,5/12/2016,9/12/2016,Standard Class,JE-16165,Justin Ellison,Corporate,United States,Franklin,Wisconsin,53132,Central,Kelly Williams,TEC-PH-10000215,Technology,Phones,Plantronics Cordless Phone Headset with In-line Volume - M214C,Not,384.45,11,0.00,103.80,42.888627,-88.0384183
149,CA-2016-114489,5/12/2016,9/12/2016,Standard Class,JE-16165,Justin Ellison,Corporate,United States,Franklin,Wisconsin,53132,Central,Kelly Williams,TEC-PH-10001448,Technology,Phones,Anker Astro 15000mAh USB Portable Charger,Not,149.97,3,0.00,6.00,42.888627,-88.0384183
150,CA-2016-114489,5/12/2016,9/12/2016,Standard Class,JE-16165,Justin Ellison,Corporate,United States,Franklin,Wisconsin,53132,Central,Kelly Williams,FUR-CH-10000454,Furniture,Chairs,"Hon Deluxe Fabric Upholstered Stacking Chairs, Rounded Back",Not,1951.84,8,0.00,585.55,42.888627,-88.0384183
151,CA-2016-114489,5/12/2016,9/12/2016,Standard Class,JE-16165,Justin Ellison,Corporate,United States,Franklin,Wisconsin,53132,Central,Kelly Williams,OFF-BI-10002735,Office Supplies,Binders,GBC Prestige Therm-A-Bind Covers,Not,171.55,5,0.00,80.63,42.888627,-88.0384183
152,CA-2016-158834,3/13/2016,3/16/2016,First Class,TW-21025,Tamara Willingham,Home Office,United States,Scottsdale,Arizona,85254,West,Anna Andreadi,OFF-AP-10000326,Office Supplies,Appliances,Belkin 7 Outlet SurgeMaster Surge Protector with Phone Protection,Not,157.92,5,0.20,17.77,33.4942189,-111.926018
153,CA-2016-158834,3/13/2016,3/16/2016,First Class,TW-21025,Tamara Willingham,Home Office,United States,Scottsdale,Arizona,85254,West,Anna Andreadi,TEC-PH-10001254,Technology,Phones,Jabra BIZ 2300 Duo QD Duo Corded Headset,Not,203.18,2,0.20,15.24,33.4942189,-111.926018
154,CA-2015-124919,5/31/2015,5/31/2015,First Class,SP-20650,Stephanie Phelps,Corporate,United States,San Jose,California,95123,West,Anna Andreadi,OFF-PA-10001950,Office Supplies,Paper,Southworth 25% Cotton Antique Laid Paper & Envelopes,Not,58.38,7,0.00,26.27,37.3361663,-121.890591
155,CA-2015-124919,5/31/2015,5/31/2015,First Class,SP-20650,Stephanie Phelps,Corporate,United States,San Jose,California,95123,West,Anna Andreadi,OFF-PA-10002254,Office Supplies,Paper,Xerox 1883,Not,105.52,4,0.00,48.54,37.3361663,-121.890591
156,CA-2015-124919,5/31/2015,5/31/2015,First Class,SP-20650,Stephanie Phelps,Corporate,United States,San Jose,California,95123,West,Anna Andreadi,OFF-ST-10001590,Office Supplies,Storage,"Tenex Personal Project File with Scoop Front Design, Black",Not,80.88,6,0.00,21.03,37.3361663,-121.890591
157,CA-2015-118948,5/28/2015,5/28/2015,Standard Class,NK-18490,Neil Knudson,Home Office,United States,Seattle,Washington,98105,West,Anna Andreadi,OFF-AR-10001547,Office Supplies,Art,Newell 311,Not,6.63,3,0.00,1.79,47.6038321,-122.330062
158,CA-2014-104269,1/3/2014,6/3/2014,Second Class,DB-13060,Dave Brooks,Consumer,United States,Seattle,Washington,98115,West,Anna Andreadi,FUR-CH-10004063,Furniture,Chairs,Global Deluxe High-Back Manager's Chair,Not,457.57,2,0.20,51.48,47.6038321,-122.330062
159,CA-2016-114104,11/20/2016,11/24/2016,Standard Class,NP-18670,Nora Paige,Consumer,United States,Edmond,Oklahoma,73034,Central,Kelly Williams,OFF-LA-10002475,Office Supplies,Labels,Avery 519,Not,14.62,2,0.00,6.87,35.6571367,-97.4649038
160,CA-2016-114104,11/20/2016,11/24/2016,Standard Class,NP-18670,Nora Paige,Consumer,United States,Edmond,Oklahoma,73034,Central,Kelly Williams,TEC-PH-10004536,Technology,Phones,Avaya 5420 Digital phone,Not,944.93,7,0.00,236.23,35.6571367,-97.4649038
161,CA-2016-162733,11/5/2016,12/5/2016,First Class,TT-21070,Ted Trevino,Consumer,United States,Los Angeles,California,90045,West,Anna Andreadi,OFF-PA-10002751,Office Supplies,Paper,Xerox 1920,Not,5.98,1,0.00,2.69,34.0536909,-118.242766
162,CA-2015-119697,12/28/2015,12/31/2015,Second Class,EM-13960,Eric Murdock,Consumer,United States,Philadelphia,Pennsylvania,19134,East,Chuck Magee,TEC-AC-10003657,Technology,Accessories,Lenovo 17-Key USB Numeric Keypad,Not,54.38,2,0.20,1.36,39.9527237,-75.1635262
163,CA-2016-154508,11/16/2016,11/20/2016,Standard Class,RD-19900,Ruben Dartt,Consumer,United States,Carlsbad,New Mexico,88220,West,Anna Andreadi,OFF-EN-10001990,Office Supplies,Envelopes,Staple envelope,Not,28.40,5,0.00,13.35,32.4257456,-104.237612
164,CA-2016-113817,7/11/2016,11/11/2016,Standard Class,MJ-17740,Max Jones,Consumer,United States,Seattle,Washington,98115,West,Anna Andreadi,OFF-BI-10004002,Office Supplies,Binders,Wilson Jones International Size A4 Ring Binders,Not,27.68,2,0.20,9.69,47.6038321,-122.330062
165,CA-2014-139892,8/9/2014,12/9/2014,Standard Class,BM-11140,Becky Martin,Consumer,United States,San Antonio,Texas,78207,Central,Kelly Williams,OFF-AR-10004441,Office Supplies,Art,BIC Brite Liner Highlighters,Not,9.94,3,0.20,2.73,29.4246002,-98.4951405
166,CA-2014-139892,8/9/2014,12/9/2014,Standard Class,BM-11140,Becky Martin,Consumer,United States,San Antonio,Texas,78207,Central,Kelly Williams,TEC-MA-10000822,Technology,Machines,Lexmark MX611dhe Monochrome Laser Printer,Not,8159.95,8,0.40,-1359.99,29.4246002,-98.4951405
167,CA-2014-139892,8/9/2014,12/9/2014,Standard Class,BM-11140,Becky Martin,Consumer,United States,San Antonio,Texas,78207,Central,Kelly Williams,OFF-ST-10000991,Office Supplies,Storage,Space Solutions HD Industrial Steel Shelving.,Not,275.93,3,0.20,-58.63,29.4246002,-98.4951405
168,CA-2014-139892,8/9/2014,12/9/2014,Standard Class,BM-11140,Becky Martin,Consumer,United States,San Antonio,Texas,78207,Central,Kelly Williams,FUR-CH-10004287,Furniture,Chairs,SAFCO Arco Folding Chair,Not,1740.06,9,0.30,-24.86,29.4246002,-98.4951405
169,CA-2014-139892,8/9/2014,12/9/2014,Standard Class,BM-11140,Becky Martin,Consumer,United States,San Antonio,Texas,78207,Central,Kelly Williams,OFF-AR-10002656,Office Supplies,Art,Sanford Liquid Accent Highlighters,Not,32.06,6,0.20,6.81,29.4246002,-98.4951405
170,CA-2014-139892,8/9/2014,12/9/2014,Standard Class,BM-11140,Becky Martin,Consumer,United States,San Antonio,Texas,78207,Central,Kelly Williams,OFF-AP-10002518,Office Supplies,Appliances,Kensington 7 Outlet MasterPiece Power Center,Not,177.98,5,0.80,-453.85,29.4246002,-98.4951405
171,CA-2014-139892,8/9/2014,12/9/2014,Standard Class,BM-11140,Becky Martin,Consumer,United States,San Antonio,Texas,78207,Central,Kelly Williams,TEC-PH-10003931,Technology,Phones,JBL Micro Wireless Portable Bluetooth Speaker,Not,143.98,3,0.20,9.00,29.4246002,-98.4951405
172,CA-2014-118962,5/8/2014,9/8/2014,Standard Class,CS-12130,Chad Sievert,Consumer,United States,Los Angeles,California,90004,West,Anna Andreadi,OFF-PA-10000659,Office Supplies,Paper,"Adams Phone Message Book, Professional, 400 Message Capacity, 5 3/6” x 11”",Not,20.94,3,0.00,9.84,34.0536909,-118.242766
173,CA-2014-118962,5/8/2014,9/8/2014,Standard Class,CS-12130,Chad Sievert,Consumer,United States,Los Angeles,California,90004,West,Anna Andreadi,OFF-PA-10001144,Office Supplies,Paper,Xerox 1913,Not,110.96,2,0.00,53.26,34.0536909,-118.242766
174,CA-2014-118962,5/8/2014,9/8/2014,Standard Class,CS-12130,Chad Sievert,Consumer,United States,Los Angeles,California,90004,West,Anna Andreadi,FUR-CH-10003817,Furniture,Chairs,"Global Value Steno Chair, Gray",Not,340.14,7,0.20,21.26,34.0536909,-118.242766
175,US-2014-100853,9/14/2014,9/19/2014,Standard Class,JB-15400,Jennifer Braxton,Corporate,United States,Chicago,Illinois,60623,Central,Kelly Williams,OFF-AP-10000891,Office Supplies,Appliances,Kensington 7 Outlet MasterPiece HOMEOFFICE Power Control Center,Not,52.45,2,0.80,-131.12,41.8755616,-87.6244212
176,US-2014-100853,9/14/2014,9/19/2014,Standard Class,JB-15400,Jennifer Braxton,Corporate,United States,Chicago,Illinois,60623,Central,Kelly Williams,OFF-LA-10003148,Office Supplies,Labels,Avery 51,Not,20.16,4,0.20,6.55,41.8755616,-87.6244212
177,US-2017-152366,4/21/2017,4/25/2017,Second Class,SJ-20500,Shirley Jackson,Consumer,United States,Houston,Texas,77036,Central,Kelly Williams,OFF-AP-10002684,Office Supplies,Appliances,"Acco 7-Outlet Masterpiece Power Center, Wihtout Fax/Phone Line Protection",Not,97.26,4,0.80,-243.16,29.7589382,-95.3676974
178,US-2015-101511,11/21/2015,11/23/2015,Second Class,JE-15745,Joel Eaton,Consumer,United States,Newark,Ohio,43055,East,Chuck Magee,FUR-CH-10004698,Furniture,Chairs,"Padded Folding Chairs, Black, 4/Carton",Not,396.80,7,0.30,-11.34,40.0581205,-82.4012643
179,US-2015-101511,11/21/2015,11/23/2015,Second Class,JE-15745,Joel Eaton,Consumer,United States,Newark,Ohio,43055,East,Chuck Magee,OFF-SU-10002189,Office Supplies,Supplies,Acme Rosewood Handle Letter Opener,Not,15.88,5,0.20,-3.77,40.0581205,-82.4012643
180,CA-2015-137225,12/15/2015,12/19/2015,Standard Class,JK-15640,Jim Kriz,Home Office,United States,New York City,New York,10009,East,Chuck Magee,OFF-AR-10001940,Office Supplies,Art,"Sanford Colorific Eraseable Coloring Pencils, 12 Count",Not,3.28,1,0.00,1.41,40.7127281,-74.0060152
181,CA-2014-166191,5/12/2014,9/12/2014,Second Class,DK-13150,David Kendrick,Corporate,United States,Decatur,Illinois,62521,Central,Kelly Williams,OFF-ST-10003455,Office Supplies,Storage,"Tenex File Box, Personal Filing Tote with Lid, Black",Not,24.82,2,0.20,1.86,39.8454163,-88.9524151
182,CA-2014-166191,5/12/2014,9/12/2014,Second Class,DK-13150,David Kendrick,Corporate,United States,Decatur,Illinois,62521,Central,Kelly Williams,TEC-AC-10004659,Technology,Accessories,Imation Secure+ Hardware Encrypted USB 2.0 Flash Drive; 16GB,Not,408.74,7,0.20,76.64,39.8454163,-88.9524151
183,CA-2014-158274,11/19/2014,11/24/2014,Second Class,RM-19675,Robert Marley,Home Office,United States,Monroe,Louisiana,71203,South,Cassandra Brandow,TEC-PH-10003273,Technology,Phones,AT&T TR1909W,Not,503.96,4,0.00,131.03,32.5025471,-92.116219
184,CA-2014-158274,11/19/2014,11/24/2014,Second Class,RM-19675,Robert Marley,Home Office,United States,Monroe,Louisiana,71203,South,Cassandra Brandow,TEC-PH-10004896,Technology,Phones,Nokia Lumia 521 (T-Mobile),Not,149.95,5,0.00,41.99,32.5025471,-92.116219
185,CA-2014-158274,11/19/2014,11/24/2014,Second Class,RM-19675,Robert Marley,Home Office,United States,Monroe,Louisiana,71203,South,Cassandra Brandow,TEC-AC-10002345,Technology,Accessories,HP Standard 104 key PS/2 Keyboard,Not,29.00,2,0.00,7.25,32.5025471,-92.116219
186,CA-2016-105018,11/28/2016,11/28/2016,Standard Class,SK-19990,Sally Knutson,Consumer,United States,Fairfield,Connecticut,6824,East,Chuck Magee,OFF-BI-10001890,Office Supplies,Binders,Avery Poly Binder Pockets,Not,7.16,2,0.00,3.44,41.1412078,-73.2637258
187,CA-2014-123260,8/26/2014,8/30/2014,Standard Class,FM-14290,Frank Merwin,Home Office,United States,Los Angeles,California,90032,West,Anna Andreadi,TEC-AC-10002323,Technology,Accessories,SanDisk Ultra 32 GB MicroSDHC Class 10 Memory Card,Not,176.80,8,0.00,22.98,34.0536909,-118.242766
188,CA-2016-157000,7/16/2016,7/22/2016,Standard Class,AM-10360,Alice McCarthy,Corporate,United States,Grand Prairie,Texas,75051,Central,Kelly Williams,OFF-ST-10001328,Office Supplies,Storage,"Personal Filing Tote with Lid, Black/Gray",Not,37.22,3,0.20,3.72,32.7459645,-96.9977846
189,CA-2016-157000,7/16/2016,7/22/2016,Standard Class,AM-10360,Alice McCarthy,Corporate,United States,Grand Prairie,Texas,75051,Central,Kelly Williams,OFF-PA-10001950,Office Supplies,Paper,Southworth 25% Cotton Antique Laid Paper & Envelopes,Not,20.02,3,0.20,6.25,32.7459645,-96.9977846
190,CA-2015-102281,12/10/2015,12/10/2015,First Class,MP-17470,Mark Packer,Home Office,United States,New York City,New York,10035,East,Chuck Magee,FUR-BO-10002613,Furniture,Bookcases,"Atlantic Metals Mobile 4-Shelf Bookcases, Custom Colors",Not,899.14,4,0.20,112.39,40.7127281,-74.0060152
191,CA-2015-102281,12/10/2015,12/10/2015,First Class,MP-17470,Mark Packer,Home Office,United States,New York City,New York,10035,East,Chuck Magee,TEC-PH-10001552,Technology,Phones,I Need's 3d Hello Kitty Hybrid Silicone Case Cover for HTC One X 4g with 3d Hello Kitty Stylus Pen Green/pink,Not,71.76,6,0.00,20.09,40.7127281,-74.0060152
192,CA-2015-102281,12/10/2015,12/10/2015,First Class,MP-17470,Mark Packer,Home Office,United States,New York City,New York,10035,East,Chuck Magee,OFF-PA-10000061,Office Supplies,Paper,Xerox 205,Not,51.84,8,0.00,24.88,40.7127281,-74.0060152
193,CA-2015-102281,12/10/2015,12/10/2015,First Class,MP-17470,Mark Packer,Home Office,United States,New York City,New York,10035,East,Chuck Magee,FUR-BO-10002545,Furniture,Bookcases,"Atlantic Metals Mobile 3-Shelf Bookcases, Custom Colors",Not,626.35,3,0.20,46.98,40.7127281,-74.0060152
194,CA-2015-102281,12/10/2015,12/10/2015,First Class,MP-17470,Mark Packer,Home Office,United States,New York City,New York,10035,East,Chuck Magee,OFF-AR-10003514,Office Supplies,Art,4009 Highlighters by Sanford,Not,19.90,5,0.00,6.57,40.7127281,-74.0060152
195,CA-2015-131457,10/31/2015,10/31/2015,Standard Class,MZ-17515,Mary Zewe,Corporate,United States,Redlands,California,92374,West,Anna Andreadi,OFF-EN-10001509,Office Supplies,Envelopes,Poly String Tie Envelopes,Not,14.28,7,0.00,6.71,34.0550328,-117.1827445
196,CA-2014-140004,3/21/2014,3/25/2014,Standard Class,CB-12025,Cassandra Brandow,Consumer,United States,Hamilton,Ohio,45011,East,Chuck Magee,OFF-AR-10004685,Office Supplies,Art,"Binney & Smith Crayola Metallic Colored Pencils, 8-Color Set",Not,7.41,2,0.20,1.20,39.3995067,-84.5613428
197,CA-2014-140004,3/21/2014,3/25/2014,Standard Class,CB-12025,Cassandra Brandow,Consumer,United States,Hamilton,Ohio,45011,East,Chuck Magee,OFF-AR-10004027,Office Supplies,Art,"Binney & Smith inkTank Erasable Desk Highlighter, Chisel Tip, Yellow, 12/Box",Not,6.05,3,0.20,1.59,39.3995067,-84.5613428
198,CA-2017-107720,6/11/2017,11/13/2017,Standard Class,VM-21685,Valerie Mitchum,Home Office,United States,Westfield,New Jersey,7090,East,Chuck Magee,OFF-ST-10001414,Office Supplies,Storage,Decoflex Hanging Personal Folder File,Not,46.26,3,0.00,12.03,39.96784097583879,-75.04921276165531
199,US-2017-124303,6/7/2017,7/13/2017,Standard Class,FH-14365,Fred Hopkins,Corporate,United States,Philadelphia,Pennsylvania,19120,East,Chuck Magee,OFF-BI-10000343,Office Supplies,Binders,"Pressboard Covers with Storage Hooks, 9 1/2"" x 11"", Light Blue",Not,2.95,2,0.70,-2.26,39.9527237,-75.1635262
200,US-2017-124303,6/7/2017,7/13/2017,Standard Class,FH-14365,Fred Hopkins,Corporate,United States,Philadelphia,Pennsylvania,19120,East,Chuck Magee,OFF-PA-10002749,Office Supplies,Paper,"Wirebound Message Books, 5-1/2 x 4 Forms, 2 or 4 Forms per Page",Not,16.06,3,0.20,5.82,39.9527237,-75.1635262
201,CA-2017-105074,6/24/2017,6/29/2017,Standard Class,MB-17305,Maria Bertelson,Consumer,United States,Akron,Ohio,44312,East,Chuck Magee,OFF-PA-10002666,Office Supplies,Paper,Southworth 25% Cotton Linen-Finish Paper & Envelopes,Not,21.74,3,0.20,6.79,41.083064,-81.518485
202,CA-2014-133690,3/8/2014,5/8/2014,First Class,BS-11755,Bruce Stewart,Consumer,United States,Denver,Colorado,80219,West,Anna Andreadi,FUR-TA-10004289,Furniture,Tables,BoxOffice By Design Rectangular and Half-Moon Meeting Room Tables,Yes,218.75,2,0.50,-161.88,39.7392364,-104.984862
203,CA-2014-133690,3/8/2014,5/8/2014,First Class,BS-11755,Bruce Stewart,Consumer,United States,Denver,Colorado,80219,West,Anna Andreadi,OFF-AP-10003622,Office Supplies,Appliances,"Bravo II Megaboss 12-Amp Hard Body Upright, Replacement Belts, 2 Belts per Pack",Yes,2.60,1,0.20,0.29,39.7392364,-104.984862
204,US-2017-116701,12/17/2017,12/21/2017,Second Class,LC-17140,Logan Currie,Consumer,United States,Dallas,Texas,75220,Central,Kelly Williams,OFF-AP-10003217,Office Supplies,Appliances,Eureka Sanitaire  Commercial Upright,Not,66.28,2,0.80,-178.97,32.7762719,-96.7968559
205,CA-2017-126382,3/6/2017,7/6/2017,Standard Class,HK-14890,Heather Kirkland,Corporate,United States,Franklin,Tennessee,37064,South,Cassandra Brandow,FUR-FU-10002960,Furniture,Furnishings,"Eldon 200 Class Desk Accessories, Burgundy",Not,35.17,7,0.20,9.67,35.925206,-86.8689419
206,CA-2017-108329,9/12/2017,12/14/2017,Standard Class,LE-16810,Laurel Elliston,Consumer,United States,Whittier,California,90604,West,Anna Andreadi,TEC-PH-10001918,Technology,Phones,Nortel Business Series Terminal T7208 Digital phone,Not,444.77,4,0.20,44.48,33.9749136,-118.0338664
207,CA-2017-135860,1/12/2017,7/12/2017,Standard Class,JH-15985,Joseph Holt,Consumer,United States,Saginaw,Michigan,48601,Central,Kelly Williams,OFF-ST-10000642,Office Supplies,Storage,"Tennsco Lockers, Gray",Not,83.92,4,0.00,5.87,43.4200387,-83.9490365
208,CA-2017-135860,1/12/2017,7/12/2017,Standard Class,JH-15985,Joseph Holt,Consumer,United States,Saginaw,Michigan,48601,Central,Kelly Williams,TEC-PH-10001700,Technology,Phones,Panasonic KX-TG6844B Expandable Digital Cordless Telephone,Not,131.98,2,0.00,35.63,43.4200387,-83.9490365
209,CA-2017-135860,1/12/2017,7/12/2017,Standard Class,JH-15985,Joseph Holt,Consumer,United States,Saginaw,Michigan,48601,Central,Kelly Williams,OFF-BI-10003274,Office Supplies,Binders,"Avery Durable Slant Ring Binders, No Labels",Not,15.92,4,0.00,7.48,43.4200387,-83.9490365
210,CA-2017-135860,1/12/2017,7/12/2017,Standard Class,JH-15985,Joseph Holt,Consumer,United States,Saginaw,Michigan,48601,Central,Kelly Williams,OFF-FA-10000134,Office Supplies,Fasteners,"Advantus Push Pins, Aluminum Head",Not,52.29,9,0.00,16.21,43.4200387,-83.9490365
211,CA-2017-135860,1/12/2017,7/12/2017,Standard Class,JH-15985,Joseph Holt,Consumer,United States,Saginaw,Michigan,48601,Central,Kelly Williams,OFF-ST-10001522,Office Supplies,Storage,"Gould Plastics 18-Pocket Panel Bin, 34w x 5-1/4d x 20-1/2h",Not,91.99,1,0.00,3.68,43.4200387,-83.9490365
212,CA-2015-101007,9/2/2015,9/2/2015,Second Class,MS-17980,Michael Stewart,Corporate,United States,Dallas,Texas,75220,Central,Kelly Williams,TEC-AC-10001266,Technology,Accessories,Memorex Micro Travel Drive 8 GB,Not,20.80,2,0.20,6.50,32.7762719,-96.7968559
213,CA-2015-146262,2/1/2015,9/1/2015,Standard Class,VW-21775,Victoria Wilson,Corporate,United States,Medina,Ohio,44256,East,Chuck Magee,OFF-LA-10004544,Office Supplies,Labels,Avery 505,Yes,23.68,2,0.20,8.88,41.1383878,-81.8637474
214,CA-2015-146262,2/1/2015,9/1/2015,Standard Class,VW-21775,Victoria Wilson,Corporate,United States,Medina,Ohio,44256,East,Chuck Magee,FUR-BO-10004695,Furniture,Bookcases,O'Sullivan 2-Door Barrister Bookcase in Odessa Pine,Yes,452.45,5,0.50,-244.32,41.1383878,-81.8637474
215,CA-2015-146262,2/1/2015,9/1/2015,Standard Class,VW-21775,Victoria Wilson,Corporate,United States,Medina,Ohio,44256,East,Chuck Magee,TEC-PH-10002844,Technology,Phones,Speck Products Candyshell Flip Case,Yes,62.98,3,0.40,-14.70,41.1383878,-81.8637474
216,CA-2015-146262,2/1/2015,9/1/2015,Standard Class,VW-21775,Victoria Wilson,Corporate,United States,Medina,Ohio,44256,East,Chuck Magee,TEC-MA-10000864,Technology,Machines,Cisco 9971 IP Video Phone Charcoal,Yes,1188.00,9,0.70,-950.40,41.1383878,-81.8637474
217,CA-2015-146262,2/1/2015,9/1/2015,Standard Class,VW-21775,Victoria Wilson,Corporate,United States,Medina,Ohio,44256,East,Chuck Magee,TEC-AC-10000109,Technology,Accessories,Sony Micro Vault Click 16 GB USB 2.0 Flash Drive,Yes,89.58,2,0.20,4.48,41.1383878,-81.8637474
218,CA-2016-130162,10/28/2016,10/28/2016,Standard Class,JH-15910,Jonathan Howell,Consumer,United States,Los Angeles,California,90032,West,Anna Andreadi,OFF-ST-10001328,Office Supplies,Storage,"Personal Filing Tote with Lid, Black/Gray",Not,93.06,6,0.00,26.06,34.0536909,-118.242766
219,CA-2016-130162,10/28/2016,10/28/2016,Standard Class,JH-15910,Jonathan Howell,Consumer,United States,Los Angeles,California,90032,West,Anna Andreadi,TEC-PH-10002563,Technology,Phones,Adtran 1202752G1,Not,302.38,3,0.20,22.68,34.0536909,-118.242766
220,CA-2015-169397,12/24/2015,12/27/2015,First Class,JB-15925,Joni Blumstein,Consumer,United States,Dublin,Ohio,43017,East,Chuck Magee,OFF-FA-10000585,Office Supplies,Fasteners,OIC Bulk Pack Metal Binder Clips,Yes,5.58,2,0.20,1.81,40.0996009,-83.1135563
221,CA-2015-169397,12/24/2015,12/27/2015,First Class,JB-15925,Joni Blumstein,Consumer,United States,Dublin,Ohio,43017,East,Chuck Magee,OFF-PA-10004000,Office Supplies,Paper,"While You Were Out Pads, 50 per Pad, 4 x 5 1/4, Green Cycle",Yes,22.70,6,0.20,8.23,40.0996009,-83.1135563
222,CA-2015-169397,12/24/2015,12/27/2015,First Class,JB-15925,Joni Blumstein,Consumer,United States,Dublin,Ohio,43017,East,Chuck Magee,OFF-BI-10002852,Office Supplies,Binders,Ibico Standard Transparent Covers,Yes,19.78,4,0.70,-13.84,40.0996009,-83.1135563
223,CA-2015-169397,12/24/2015,12/27/2015,First Class,JB-15925,Joni Blumstein,Consumer,United States,Dublin,Ohio,43017,East,Chuck Magee,FUR-FU-10000087,Furniture,Furnishings,"Executive Impressions 14"" Two-Color Numerals Wall Clock",Yes,72.70,4,0.20,19.08,40.0996009,-83.1135563
224,CA-2015-169397,12/24/2015,12/27/2015,First Class,JB-15925,Joni Blumstein,Consumer,United States,Dublin,Ohio,43017,East,Chuck Magee,TEC-MA-10001148,Technology,Machines,Swingline SM12-08 MicroCut Jam Free Shredder,Yes,479.99,4,0.70,-383.99,40.0996009,-83.1135563
225,CA-2015-169397,12/24/2015,12/27/2015,First Class,JB-15925,Joni Blumstein,Consumer,United States,Dublin,Ohio,43017,East,Chuck Magee,OFF-AR-10001958,Office Supplies,Art,Stanley Bostitch Contemporary Electric Pencil Sharpeners,Yes,27.17,2,0.20,2.72,40.0996009,-83.1135563
226,CA-2015-163055,9/8/2015,9/8/2015,Standard Class,DS-13180,David Smith,Corporate,United States,Detroit,Michigan,48227,Central,Kelly Williams,OFF-AR-10001026,Office Supplies,Art,"Sanford Uni-Blazer View Highlighters, Chisel Tip, Yellow",Not,2.20,1,0.00,0.97,42.3315509,-83.0466403
227,CA-2015-163055,9/8/2015,9/8/2015,Standard Class,DS-13180,David Smith,Corporate,United States,Detroit,Michigan,48227,Central,Kelly Williams,FUR-TA-10003748,Furniture,Tables,Bevis 36 x 72 Conference Tables,Not,622.45,5,0.00,136.94,42.3315509,-83.0466403
228,CA-2015-163055,9/8/2015,9/8/2015,Standard Class,DS-13180,David Smith,Corporate,United States,Detroit,Michigan,48227,Central,Kelly Williams,OFF-ST-10002485,Office Supplies,Storage,Rogers Deluxe File Chest,Not,21.98,1,0.00,0.22,42.3315509,-83.0466403
229,US-2015-145436,2/28/2015,4/3/2015,Standard Class,VD-21670,Valerie Dominguez,Consumer,United States,Columbia,Tennessee,38401,South,Cassandra Brandow,FUR-CH-10004860,Furniture,Chairs,Global Low Back Tilter Chair,Not,161.57,2,0.20,-28.27,35.6148165,-87.0338464
230,US-2015-145436,2/28/2015,4/3/2015,Standard Class,VD-21670,Valerie Dominguez,Consumer,United States,Columbia,Tennessee,38401,South,Cassandra Brandow,FUR-CH-10004477,Furniture,Chairs,"Global Push Button Manager's Chair, Indigo",Not,389.70,8,0.20,43.84,35.6148165,-87.0338464
231,US-2014-156216,9/13/2014,9/17/2014,Standard Class,EA-14035,Erin Ashbrook,Corporate,United States,Charlotte,North Carolina,28205,South,Cassandra Brandow,OFF-BI-10001679,Office Supplies,Binders,GBC Instant Index System for Binding Systems,Not,18.65,7,0.70,-12.43,35.2272086,-80.8430827
232,US-2017-100930,7/4/2017,12/4/2017,Standard Class,CS-12400,Christopher Schild,Home Office,United States,Tampa,Florida,33614,South,Cassandra Brandow,FUR-TA-10001705,Furniture,Tables,Bush Advantage Collection Round Conference Table,Not,233.86,2,0.45,-102.05,27.9477595,-82.458444
233,US-2017-100930,7/4/2017,12/4/2017,Standard Class,CS-12400,Christopher Schild,Home Office,United States,Tampa,Florida,33614,South,Cassandra Brandow,FUR-TA-10003473,Furniture,Tables,Bretford Rectangular Conference Table Tops,Not,620.61,3,0.45,-248.25,27.9477595,-82.458444
234,US-2017-100930,7/4/2017,12/4/2017,Standard Class,CS-12400,Christopher Schild,Home Office,United States,Tampa,Florida,33614,South,Cassandra Brandow,OFF-BI-10001679,Office Supplies,Binders,GBC Instant Index System for Binding Systems,Not,5.33,2,0.70,-3.55,27.9477595,-82.458444
235,US-2017-100930,7/4/2017,12/4/2017,Standard Class,CS-12400,Christopher Schild,Home Office,United States,Tampa,Florida,33614,South,Cassandra Brandow,FUR-FU-10004017,Furniture,Furnishings,"Tenex Contemporary Contur Chairmats for Low and Medium Pile Carpet, Computer, 39"" x 49""",Not,258.07,3,0.20,0.00,27.9477595,-82.458444
236,US-2017-100930,7/4/2017,12/4/2017,Standard Class,CS-12400,Christopher Schild,Home Office,United States,Tampa,Florida,33614,South,Cassandra Brandow,TEC-AC-10003832,Technology,Accessories,Logitech P710e Mobile Speakerphone,Not,617.98,3,0.20,-7.72,27.9477595,-82.458444
237,CA-2017-160514,12/11/2017,12/11/2017,Standard Class,DB-13120,David Bremer,Corporate,United States,Santa Clara,California,95051,West,Anna Andreadi,OFF-PA-10002479,Office Supplies,Paper,Xerox 4200 Series MultiUse Premium Copy Paper (20Lb. and 84 Bright),Not,10.56,2,0.00,4.75,37.3541132,-121.955174
238,CA-2016-157749,4/6/2016,9/6/2016,Second Class,KL-16645,Ken Lonsdale,Consumer,United States,Chicago,Illinois,60610,Central,Kelly Williams,OFF-PA-10003349,Office Supplies,Paper,Xerox 1957,Not,25.92,5,0.20,9.40,41.8755616,-87.6244212
239,CA-2016-157749,4/6/2016,9/6/2016,Second Class,KL-16645,Ken Lonsdale,Consumer,United States,Chicago,Illinois,60610,Central,Kelly Williams,FUR-FU-10000576,Furniture,Furnishings,Luxo Professional Fluorescent Magnifier Lamp with Clamp-Mount Base,Not,419.68,5,0.60,-356.73,41.8755616,-87.6244212
240,CA-2016-157749,4/6/2016,9/6/2016,Second Class,KL-16645,Ken Lonsdale,Consumer,United States,Chicago,Illinois,60610,Central,Kelly Williams,FUR-FU-10004351,Furniture,Furnishings,Staple-based wall hangings,Not,11.69,3,0.60,-4.68,41.8755616,-87.6244212
241,CA-2016-157749,4/6/2016,9/6/2016,Second Class,KL-16645,Ken Lonsdale,Consumer,United States,Chicago,Illinois,60610,Central,Kelly Williams,TEC-PH-10000011,Technology,Phones,PureGear Roll-On Screen Protector,Not,31.98,2,0.20,11.19,41.8755616,-87.6244212
242,CA-2016-157749,4/6/2016,9/6/2016,Second Class,KL-16645,Ken Lonsdale,Consumer,United States,Chicago,Illinois,60610,Central,Kelly Williams,FUR-TA-10002607,Furniture,Tables,KI Conference Tables,Not,177.22,5,0.50,-120.51,41.8755616,-87.6244212
243,CA-2016-157749,4/6/2016,9/6/2016,Second Class,KL-16645,Ken Lonsdale,Consumer,United States,Chicago,Illinois,60610,Central,Kelly Williams,FUR-FU-10002505,Furniture,Furnishings,Eldon 100 Class Desk Accessories,Not,4.04,3,0.60,-2.83,41.8755616,-87.6244212
244,CA-2016-157749,4/6/2016,9/6/2016,Second Class,KL-16645,Ken Lonsdale,Consumer,United States,Chicago,Illinois,60610,Central,Kelly Williams,OFF-AR-10004685,Office Supplies,Art,"Binney & Smith Crayola Metallic Colored Pencils, 8-Color Set",Not,7.41,2,0.20,1.20,41.8755616,-87.6244212
245,CA-2014-131926,1/6/2014,6/6/2014,Second Class,DW-13480,Dianna Wilson,Home Office,United States,Lakeville,Minnesota,55044,Central,Kelly Williams,FUR-CH-10004063,Furniture,Chairs,Global Deluxe High-Back Manager's Chair,Not,2001.86,7,0.00,580.54,44.650051,-93.2432791
246,CA-2014-131926,1/6/2014,6/6/2014,Second Class,DW-13480,Dianna Wilson,Home Office,United States,Lakeville,Minnesota,55044,Central,Kelly Williams,OFF-ST-10002276,Office Supplies,Storage,Safco Steel Mobile File Cart,Not,166.72,2,0.00,41.68,44.650051,-93.2432791
247,CA-2014-131926,1/6/2014,6/6/2014,Second Class,DW-13480,Dianna Wilson,Home Office,United States,Lakeville,Minnesota,55044,Central,Kelly Williams,OFF-PA-10004082,Office Supplies,Paper,"Adams Telephone Message Book w/Frequently-Called Numbers Space, 400 Messages per Book",Not,47.88,6,0.00,23.94,44.650051,-93.2432791
248,CA-2014-131926,1/6/2014,6/6/2014,Second Class,DW-13480,Dianna Wilson,Home Office,United States,Lakeville,Minnesota,55044,Central,Kelly Williams,OFF-AP-10002945,Office Supplies,Appliances,Honeywell Enviracaire Portable HEPA Air Cleaner for 17' x 22' Room,Not,1503.25,5,0.00,496.07,44.650051,-93.2432791
249,CA-2014-131926,1/6/2014,6/6/2014,Second Class,DW-13480,Dianna Wilson,Home Office,United States,Lakeville,Minnesota,55044,Central,Kelly Williams,OFF-PA-10000061,Office Supplies,Paper,Xerox 205,Not,25.92,4,0.00,12.44,44.650051,-93.2432791
250,CA-2016-154739,10/12/2016,12/15/2016,Second Class,LH-17155,Logan Haushalter,Consumer,United States,San Francisco,California,94109,West,Anna Andreadi,FUR-CH-10002965,Furniture,Chairs,"Global Leather Highback Executive Chair with Pneumatic Height Adjustment, Black",Not,321.57,2,0.20,28.14,37.7792588,-122.4193286
251,CA-2016-145625,11/9/2016,11/9/2016,Standard Class,KC-16540,Kelly Collister,Consumer,United States,San Diego,California,92037,West,Anna Andreadi,OFF-PA-10004569,Office Supplies,Paper,"Wirebound Message Books, Two 4 1/4"" x 5"" Forms per Page",Not,7.61,1,0.00,3.58,32.7174202,-117.162772
252,CA-2016-145625,11/9/2016,11/9/2016,Standard Class,KC-16540,Kelly Collister,Consumer,United States,San Diego,California,92037,West,Anna Andreadi,TEC-AC-10003832,Technology,Accessories,Logitech P710e Mobile Speakerphone,Not,3347.37,13,0.00,636.00,32.7174202,-117.162772
253,CA-2016-146941,10/12/2016,12/13/2016,First Class,DL-13315,Delfina Latchford,Consumer,United States,New York City,New York,10024,East,Chuck Magee,OFF-ST-10001228,Office Supplies,Storage,"Fellowes Personal Hanging Folder Files, Navy",Not,80.58,6,0.00,22.56,40.7127281,-74.0060152
254,CA-2016-146941,10/12/2016,12/13/2016,First Class,DL-13315,Delfina Latchford,Consumer,United States,New York City,New York,10024,East,Chuck Magee,OFF-EN-10003296,Office Supplies,Envelopes,Tyvek Side-Opening Peel & Seel Expanding Envelopes,Not,361.92,4,0.00,162.86,40.7127281,-74.0060152
255,US-2015-159982,11/28/2015,11/28/2015,Standard Class,DR-12880,Dan Reichenbach,Corporate,United States,Chicago,Illinois,60623,Central,Kelly Williams,FUR-FU-10002505,Furniture,Furnishings,Eldon 100 Class Desk Accessories,Not,12.13,9,0.60,-8.49,41.8755616,-87.6244212
256,US-2015-159982,11/28/2015,11/28/2015,Standard Class,DR-12880,Dan Reichenbach,Corporate,United States,Chicago,Illinois,60623,Central,Kelly Williams,OFF-ST-10004804,Office Supplies,Storage,"Belkin 19"" Vented Equipment Shelf, Black",Not,82.37,2,0.20,-19.56,41.8755616,-87.6244212
257,US-2015-159982,11/28/2015,11/28/2015,Standard Class,DR-12880,Dan Reichenbach,Corporate,United States,Chicago,Illinois,60623,Central,Kelly Williams,OFF-ST-10001590,Office Supplies,Storage,"Tenex Personal Project File with Scoop Front Design, Black",Not,53.92,5,0.20,4.04,41.8755616,-87.6244212
258,US-2015-159982,11/28/2015,11/28/2015,Standard Class,DR-12880,Dan Reichenbach,Corporate,United States,Chicago,Illinois,60623,Central,Kelly Williams,TEC-PH-10001580,Technology,Phones,Logitech Mobile Speakerphone P710e - speaker phone,Not,647.90,6,0.20,56.69,41.8755616,-87.6244212
259,CA-2017-163139,1/12/2017,3/12/2017,Second Class,CC-12670,Craig Carreira,Consumer,United States,New York City,New York,10009,East,Chuck Magee,TEC-AC-10000290,Technology,Accessories,Sabrent 4-Port USB 2.0 Hub,Not,20.37,3,0.00,6.93,40.7127281,-74.0060152
260,CA-2017-163139,1/12/2017,3/12/2017,Second Class,CC-12670,Craig Carreira,Consumer,United States,New York City,New York,10009,East,Chuck Magee,OFF-ST-10002790,Office Supplies,Storage,Safco Industrial Shelving,Not,221.55,3,0.00,6.65,40.7127281,-74.0060152
261,CA-2017-163139,1/12/2017,3/12/2017,Second Class,CC-12670,Craig Carreira,Consumer,United States,New York City,New York,10009,East,Chuck Magee,OFF-BI-10003460,Office Supplies,Binders,Acco 3-Hole Punch,Not,17.52,5,0.20,6.13,40.7127281,-74.0060152
262,US-2017-155299,8/6/2017,12/6/2017,Standard Class,Dl-13600,Dorris liebe,Corporate,United States,Pasadena,Texas,77506,Central,Kelly Williams,OFF-AP-10002203,Office Supplies,Appliances,Eureka Disposable Bags for Sanitaire Vibra Groomer I Upright Vac,Not,1.62,2,0.80,-4.47,29.6910753,-95.2092076
263,US-2014-106992,9/19/2014,9/21/2014,Second Class,SB-20290,Sean Braxton,Corporate,United States,Houston,Texas,77036,Central,Kelly Williams,TEC-MA-10000822,Technology,Machines,Lexmark MX611dhe Monochrome Laser Printer,Not,3059.98,3,0.40,-510.00,29.7589382,-95.3676974
264,US-2014-106992,9/19/2014,9/21/2014,Second Class,SB-20290,Sean Braxton,Corporate,United States,Houston,Texas,77036,Central,Kelly Williams,TEC-MA-10003353,Technology,Machines,Xerox WorkCentre 6505DN Laser Multifunction Printer,Not,2519.96,7,0.40,-252.00,29.7589382,-95.3676974
265,CA-2016-125318,6/6/2016,6/13/2016,Standard Class,RC-19825,Roy Collins,Consumer,United States,Chicago,Illinois,60610,Central,Kelly Williams,TEC-PH-10001433,Technology,Phones,Cisco Small Business SPA 502G VoIP phone,Not,328.22,4,0.20,28.72,41.8755616,-87.6244212
266,CA-2015-155040,10/11/2015,11/15/2015,Standard Class,AH-10210,Alan Hwang,Consumer,United States,Brentwood,California,94513,West,Anna Andreadi,TEC-AC-10004469,Technology,Accessories,Microsoft Sculpt Comfort Mouse,Not,79.90,2,0.00,35.16,37.9317766,-121.696026
267,CA-2017-136826,6/16/2017,6/20/2017,Standard Class,CB-12535,Claudia Bergmann,Corporate,United States,Chapel Hill,North Carolina,27514,South,Cassandra Brandow,OFF-AR-10003602,Office Supplies,Art,"Quartet Omega Colored Chalk, 12/Pack",Not,14.02,3,0.20,4.73,35.9131542,-79.05578
268,CA-2016-111010,1/22/2016,1/28/2016,Standard Class,PG-18895,Paul Gonzalez,Consumer,United States,Morristown,New Jersey,7960,East,Chuck Magee,OFF-FA-10003472,Office Supplies,Fasteners,Bagged Rubber Bands,Not,7.56,6,0.00,0.30,40.7970382,-74.4809868
269,US-2017-145366,9/12/2017,12/13/2017,Standard Class,CA-12310,Christine Abelman,Corporate,United States,Cincinnati,Ohio,45231,East,Chuck Magee,OFF-ST-10004180,Office Supplies,Storage,Safco Commercial Shelving,Not,37.21,1,0.20,-7.44,39.1014537,-84.5124602
270,US-2017-145366,9/12/2017,12/13/2017,Standard Class,CA-12310,Christine Abelman,Corporate,United States,Cincinnati,Ohio,45231,East,Chuck Magee,OFF-EN-10004386,Office Supplies,Envelopes,"Recycled Interoffice Envelopes with String and Button Closure, 10 x 13",Not,57.58,3,0.20,21.59,39.1014537,-84.5124602
271,CA-2017-163979,12/28/2017,2/1/2018,Second Class,KH-16690,Kristen Hastings,Corporate,United States,San Francisco,California,94110,West,Anna Andreadi,OFF-ST-10003208,Office Supplies,Storage,Adjustable Depth Letter/Legal Cart,Not,725.84,4,0.00,210.49,37.7792588,-122.4193286
272,CA-2015-155334,7/30/2015,7/31/2015,First Class,HA-14920,Helen Andreada,Consumer,United States,San Francisco,California,94109,West,Anna Andreadi,TEC-AC-10003628,Technology,Accessories,Logitech 910-002974 M325 Wireless Mouse for Web Scrolling,Not,209.93,7,0.00,92.37,37.7792588,-122.4193286
273,CA-2015-155334,7/30/2015,7/31/2015,First Class,HA-14920,Helen Andreada,Consumer,United States,San Francisco,California,94109,West,Anna Andreadi,FUR-FU-10003274,Furniture,Furnishings,Regeneration Desk Collection,Not,5.28,3,0.00,2.32,37.7792588,-122.4193286
274,CA-2015-155334,7/30/2015,7/31/2015,First Class,HA-14920,Helen Andreada,Consumer,United States,San Francisco,California,94109,West,Anna Andreadi,OFF-BI-10002557,Office Supplies,Binders,Presstex Flexible Ring Binders,Not,10.92,3,0.20,4.09,37.7792588,-122.4193286
275,CA-2017-118136,9/16/2017,9/17/2017,First Class,BB-10990,Barry Blumstein,Corporate,United States,Inglewood,California,90301,West,Anna Andreadi,OFF-PA-10002615,Office Supplies,Paper,"Ampad Gold Fibre Wirebound Steno Books, 6"" x 9"", Gregg Ruled",Not,8.82,2,0.00,4.06,33.9562003,-118.353132
276,CA-2017-118136,9/16/2017,9/17/2017,First Class,BB-10990,Barry Blumstein,Corporate,United States,Inglewood,California,90301,West,Anna Andreadi,OFF-AR-10001427,Office Supplies,Art,Newell 330,Not,5.98,1,0.00,1.55,33.9562003,-118.353132
277,CA-2017-132976,10/13/2017,10/17/2017,Standard Class,AG-10495,Andrew Gjertsen,Corporate,United States,Philadelphia,Pennsylvania,19140,East,Chuck Magee,OFF-PA-10000673,Office Supplies,Paper,"Post-it “Important Message” Note Pad, Neon Colors, 50 Sheets/Pad",Not,11.65,2,0.20,4.08,39.9527237,-75.1635262
278,CA-2017-132976,10/13/2017,10/17/2017,Standard Class,AG-10495,Andrew Gjertsen,Corporate,United States,Philadelphia,Pennsylvania,19140,East,Chuck Magee,OFF-PA-10004470,Office Supplies,Paper,"Adams Write n' Stick Phone Message Book, 11"" X 5 1/4"", 200 Messages",Not,18.18,4,0.20,5.91,39.9527237,-75.1635262
279,CA-2017-132976,10/13/2017,10/17/2017,Standard Class,AG-10495,Andrew Gjertsen,Corporate,United States,Philadelphia,Pennsylvania,19140,East,Chuck Magee,OFF-ST-10000876,Office Supplies,Storage,Eldon Simplefile Box Office,Not,59.71,6,0.20,5.97,39.9527237,-75.1635262
280,CA-2017-132976,10/13/2017,10/17/2017,Standard Class,AG-10495,Andrew Gjertsen,Corporate,United States,Philadelphia,Pennsylvania,19140,East,Chuck Magee,OFF-LA-10002043,Office Supplies,Labels,Avery 489,Not,24.84,3,0.20,8.69,39.9527237,-75.1635262
281,US-2015-161991,9/26/2015,9/28/2015,Second Class,SC-20725,Steven Cartwright,Consumer,United States,Houston,Texas,77070,Central,Kelly Williams,OFF-BI-10004967,Office Supplies,Binders,Round Ring Binders,Not,2.08,5,0.80,-3.43,29.7589382,-95.3676974
282,US-2015-161991,9/26/2015,9/28/2015,Second Class,SC-20725,Steven Cartwright,Consumer,United States,Houston,Texas,77070,Central,Kelly Williams,TEC-PH-10001760,Technology,Phones,Bose SoundLink Bluetooth Speaker,Not,1114.40,7,0.20,376.11,29.7589382,-95.3676974
283,CA-2015-130890,2/11/2015,6/11/2015,Standard Class,JO-15280,Jas O'Carroll,Consumer,United States,Los Angeles,California,90004,West,Anna Andreadi,FUR-TA-10002903,Furniture,Tables,"Bevis Round Bullnose 29"" High Table Top",Not,1038.84,5,0.20,51.94,34.0536909,-118.242766
284,CA-2015-130883,9/26/2015,9/26/2015,Standard Class,TB-21520,Tracy Blumstein,Consumer,United States,Portland,Oregon,97206,West,Anna Andreadi,OFF-PA-10000474,Office Supplies,Paper,Easy-staple paper,Not,141.76,5,0.20,47.84,45.5202471,-122.674194
285,CA-2015-130883,9/26/2015,9/26/2015,Standard Class,TB-21520,Tracy Blumstein,Consumer,United States,Portland,Oregon,97206,West,Anna Andreadi,TEC-AC-10001956,Technology,Accessories,Microsoft Arc Touch Mouse,Not,239.80,5,0.20,47.96,45.5202471,-122.674194
286,CA-2015-130883,9/26/2015,9/26/2015,Standard Class,TB-21520,Tracy Blumstein,Consumer,United States,Portland,Oregon,97206,West,Anna Andreadi,OFF-PA-10004100,Office Supplies,Paper,Xerox 216,Not,31.10,6,0.20,10.89,45.5202471,-122.674194
287,CA-2016-112697,12/18/2016,12/20/2016,Second Class,AH-10195,Alan Haines,Corporate,United States,Tamarac,Florida,33319,South,Cassandra Brandow,OFF-BI-10000778,Office Supplies,Binders,GBC VeloBinder Electric Binding Machine,Not,254.06,7,0.70,-169.37,26.2128609,-80.2497707
288,CA-2016-112697,12/18/2016,12/20/2016,Second Class,AH-10195,Alan Haines,Corporate,United States,Tamarac,Florida,33319,South,Cassandra Brandow,OFF-AP-10002684,Office Supplies,Appliances,"Acco 7-Outlet Masterpiece Power Center, Wihtout Fax/Phone Line Protection",Not,194.53,2,0.20,24.32,26.2128609,-80.2497707
289,CA-2016-112697,12/18/2016,12/20/2016,Second Class,AH-10195,Alan Haines,Corporate,United States,Tamarac,Florida,33319,South,Cassandra Brandow,OFF-SU-10000646,Office Supplies,Supplies,Premier Automatic Letter Opener,Not,961.48,5,0.20,-204.31,26.2128609,-80.2497707
290,CA-2016-110772,11/20/2016,11/24/2016,Second Class,NZ-18565,Nick Zandusky,Home Office,United States,Columbus,Ohio,43229,East,Chuck Magee,OFF-FA-10002983,Office Supplies,Fasteners,Advantus SlideClip Paper Clips,Not,19.10,7,0.20,6.68,39.9622601,-83.0007065
291,CA-2016-110772,11/20/2016,11/24/2016,Second Class,NZ-18565,Nick Zandusky,Home Office,United States,Columbus,Ohio,43229,East,Chuck Magee,OFF-LA-10004689,Office Supplies,Labels,Avery 512,Not,18.50,8,0.20,6.24,39.9622601,-83.0007065
292,CA-2016-110772,11/20/2016,11/24/2016,Second Class,NZ-18565,Nick Zandusky,Home Office,United States,Columbus,Ohio,43229,East,Chuck Magee,TEC-AC-10002001,Technology,Accessories,Logitech Wireless Gaming Headset G930,Not,255.98,2,0.20,54.40,39.9622601,-83.0007065
293,CA-2016-110772,11/20/2016,11/24/2016,Second Class,NZ-18565,Nick Zandusky,Home Office,United States,Columbus,Ohio,43229,East,Chuck Magee,FUR-BO-10004709,Furniture,Bookcases,"Bush Westfield Collection Bookcases, Medium Cherry Finish",Not,86.97,3,0.50,-48.70,39.9622601,-83.0007065
294,CA-2014-111451,12/26/2014,12/28/2014,First Class,KL-16555,Kelly Lampkin,Corporate,United States,Colorado Springs,Colorado,80906,West,Anna Andreadi,FUR-FU-10004091,Furniture,Furnishings,"Howard Miller 13"" Diameter Goldtone Round Wall Clock",Not,300.42,8,0.20,78.86,38.8339578,-104.825348
295,CA-2014-111451,12/26/2014,12/28/2014,First Class,KL-16555,Kelly Lampkin,Corporate,United States,Colorado Springs,Colorado,80906,West,Anna Andreadi,FUR-CH-10001891,Furniture,Chairs,Global Deluxe Office Fabric Chairs,Not,230.35,3,0.20,20.16,38.8339578,-104.825348
296,CA-2014-111451,12/26/2014,12/28/2014,First Class,KL-16555,Kelly Lampkin,Corporate,United States,Colorado Springs,Colorado,80906,West,Anna Andreadi,FUR-FU-10002918,Furniture,Furnishings,Eldon ClusterMat Chair Mat with Cordless Antistatic Protection,Not,218.35,3,0.20,-24.56,38.8339578,-104.825348
297,CA-2014-111451,12/26/2014,12/28/2014,First Class,KL-16555,Kelly Lampkin,Corporate,United States,Colorado Springs,Colorado,80906,West,Anna Andreadi,OFF-BI-10004593,Office Supplies,Binders,Ibico Laser Imprintable Binding System Covers,Not,78.60,5,0.70,-62.88,38.8339578,-104.825348
298,CA-2014-111451,12/26/2014,12/28/2014,First Class,KL-16555,Kelly Lampkin,Corporate,United States,Colorado Springs,Colorado,80906,West,Anna Andreadi,OFF-FA-10004854,Office Supplies,Fasteners,"Vinyl Coated Wire Paper Clips in Organizer Box, 800/Box",Not,27.55,3,0.20,9.30,38.8339578,-104.825348
299,CA-2016-142545,10/28/2016,10/28/2016,Standard Class,JD-15895,Jonathan Doherty,Corporate,United States,Belleville,New Jersey,7109,East,Chuck Magee,OFF-PA-10002105,Office Supplies,Paper,Xerox 223,Not,32.40,5,0.00,15.55,40.7937116,-74.1501438
300,CA-2016-142545,10/28/2016,10/28/2016,Standard Class,JD-15895,Jonathan Doherty,Corporate,United States,Belleville,New Jersey,7109,East,Chuck Magee,OFF-ST-10002756,Office Supplies,Storage,"Tennsco Stur-D-Stor Boltless Shelving, 5 Shelves, 24"" Deep, Sand",Not,1082.48,8,0.00,10.82,40.7937116,-74.1501438
301,CA-2016-142545,10/28/2016,10/28/2016,Standard Class,JD-15895,Jonathan Doherty,Corporate,United States,Belleville,New Jersey,7109,East,Chuck Magee,OFF-PA-10004243,Office Supplies,Paper,Xerox 1939,Not,56.91,3,0.00,27.32,40.7937116,-74.1501438
302,CA-2016-142545,10/28/2016,10/28/2016,Standard Class,JD-15895,Jonathan Doherty,Corporate,United States,Belleville,New Jersey,7109,East,Chuck Magee,FUR-FU-10001861,Furniture,Furnishings,"Floodlight Indoor Halogen Bulbs, 1 Bulb per Pack, 60 Watts",Not,77.60,4,0.00,38.02,40.7937116,-74.1501438
303,CA-2016-142545,10/28/2016,10/28/2016,Standard Class,JD-15895,Jonathan Doherty,Corporate,United States,Belleville,New Jersey,7109,East,Chuck Magee,OFF-BI-10002706,Office Supplies,Binders,Avery Premier Heavy-Duty Binder with Round Locking Rings,Not,14.28,1,0.00,6.57,40.7937116,-74.1501438
304,US-2017-152380,11/19/2017,11/23/2017,Standard Class,JH-15910,Jonathan Howell,Consumer,United States,Chicago,Illinois,60623,Central,Kelly Williams,FUR-TA-10002533,Furniture,Tables,BPI Conference Tables,Not,219.07,3,0.50,-131.44,41.8755616,-87.6244212
305,CA-2015-144253,4/5/2015,9/5/2015,Second Class,AS-10225,Alan Schoenberger,Corporate,United States,New York City,New York,10024,East,Chuck Magee,FUR-FU-10002671,Furniture,Furnishings,Electrix 20W Halogen Replacement Bulb for Zoom-In Desk Lamp,Not,26.80,2,0.00,12.86,40.7127281,-74.0060152
306,CA-2014-130960,12/30/2014,4/1/2015,Standard Class,KB-16600,Ken Brennan,Corporate,United States,Taylor,Michigan,48180,Central,Kelly Williams,OFF-AR-10003651,Office Supplies,Art,Newell 350,Not,9.84,3,0.00,2.85,42.240872,-83.2696509
307,CA-2014-111003,1/6/2014,6/6/2014,Standard Class,CR-12625,Corey Roper,Home Office,United States,Lakewood,New Jersey,8701,East,Chuck Magee,OFF-BI-10001072,Office Supplies,Binders,"GBC Clear Cover, 8-1/2 x 11, unpunched, 25 covers per pack",Not,45.48,3,0.00,20.92,40.0978929,-74.2176435
308,CA-2014-111003,1/6/2014,6/6/2014,Standard Class,CR-12625,Corey Roper,Home Office,United States,Lakewood,New Jersey,8701,East,Chuck Magee,OFF-AR-10002135,Office Supplies,Art,Boston Heavy-Duty Trimline Electric Pencil Sharpeners,Not,289.20,6,0.00,83.87,40.0978929,-74.2176435
309,CA-2017-126774,4/15/2017,4/17/2017,First Class,SH-20395,Shahid Hopkins,Consumer,United States,Arlington,Virginia,22204,South,Cassandra Brandow,OFF-AR-10002804,Office Supplies,Art,Faber Castell Col-Erase Pencils,Not,4.89,1,0.00,2.00,38.8769326,-77.0893094
310,CA-2016-142902,12/9/2016,12/9/2016,Second Class,BP-11185,Ben Peterman,Corporate,United States,Arvada,Colorado,80004,West,Anna Andreadi,FUR-FU-10001918,Furniture,Furnishings,C-Line Cubicle Keepers Polyproplyene Holder With Velcro Backings,Not,15.14,4,0.20,3.59,39.8005505,-105.0811573
311,CA-2016-142902,12/9/2016,12/9/2016,Second Class,BP-11185,Ben Peterman,Corporate,United States,Arvada,Colorado,80004,West,Anna Andreadi,FUR-CH-10004086,Furniture,Chairs,Hon 4070 Series Pagoda Armless Upholstered Stacking Chairs,Not,466.77,2,0.20,52.51,39.8005505,-105.0811573
312,CA-2016-142902,12/9/2016,12/9/2016,Second Class,BP-11185,Ben Peterman,Corporate,United States,Arvada,Colorado,80004,West,Anna Andreadi,FUR-FU-10001756,Furniture,Furnishings,"Eldon Expressions Desk Accessory, Wood Photo Frame, Mahogany",Not,15.23,1,0.20,1.71,39.8005505,-105.0811573
313,CA-2016-142902,12/9/2016,12/9/2016,Second Class,BP-11185,Ben Peterman,Corporate,United States,Arvada,Colorado,80004,West,Anna Andreadi,OFF-LA-10000634,Office Supplies,Labels,Avery 509,Not,6.26,3,0.20,2.04,39.8005505,-105.0811573
314,CA-2014-120887,9/27/2014,9/27/2014,Standard Class,TS-21205,Thomas Seio,Corporate,United States,Hackensack,New Jersey,7601,East,Chuck Magee,FUR-FU-10001588,Furniture,Furnishings,"Deflect-o SuperTray Unbreakable Stackable Tray, Letter, Black",Not,87.54,3,0.00,37.64,40.8871438,-74.0410865
315,CA-2014-167850,9/8/2014,9/8/2014,Standard Class,AG-10525,Andy Gerbode,Corporate,United States,Saint Petersburg,Florida,33710,South,Cassandra Brandow,TEC-PH-10002398,Technology,Phones,AT&T 1070 Corded Phone,Not,178.38,2,0.20,22.30,27.7700475,-82.6359078
316,CA-2014-167850,9/8/2014,9/8/2014,Standard Class,AG-10525,Andy Gerbode,Corporate,United States,Saint Petersburg,Florida,33710,South,Cassandra Brandow,OFF-PA-10001937,Office Supplies,Paper,Xerox 21,Not,15.55,3,0.20,5.44,27.7700475,-82.6359078
317,CA-2014-164259,12/28/2014,12/30/2014,First Class,SP-20860,Sung Pak,Corporate,United States,Philadelphia,Pennsylvania,19143,East,Chuck Magee,OFF-AR-10003373,Office Supplies,Art,"Boston School Pro Electric Pencil Sharpener, 1670",Not,99.14,4,0.20,8.67,39.9527237,-75.1635262
318,CA-2014-164973,4/11/2014,9/11/2014,Standard Class,NM-18445,Nathan Mautz,Home Office,United States,New York City,New York,10024,East,Chuck Magee,FUR-CH-10002602,Furniture,Chairs,DMI Arturo Collection Mission-style Design Wood Chair,Not,135.88,1,0.10,24.16,40.7127281,-74.0060152
319,CA-2014-164973,4/11/2014,9/11/2014,Standard Class,NM-18445,Nathan Mautz,Home Office,United States,New York City,New York,10024,East,Chuck Magee,TEC-MA-10002927,Technology,Machines,Canon imageCLASS MF7460 Monochrome Digital Laser Multifunction Copier,Not,3991.98,2,0.00,1995.99,40.7127281,-74.0060152
320,CA-2014-164973,4/11/2014,9/11/2014,Standard Class,NM-18445,Nathan Mautz,Home Office,United States,New York City,New York,10024,East,Chuck Magee,TEC-PH-10004093,Technology,Phones,Panasonic Kx-TS550,Not,275.94,6,0.00,80.02,40.7127281,-74.0060152
321,CA-2014-164973,4/11/2014,9/11/2014,Standard Class,NM-18445,Nathan Mautz,Home Office,United States,New York City,New York,10024,East,Chuck Magee,TEC-AC-10000892,Technology,Accessories,NETGEAR N750 Dual Band Wi-Fi Gigabit Router,Not,360.00,4,0.00,129.60,40.7127281,-74.0060152
322,CA-2014-164973,4/11/2014,9/11/2014,Standard Class,NM-18445,Nathan Mautz,Home Office,United States,New York City,New York,10024,East,Chuck Magee,OFF-ST-10002974,Office Supplies,Storage,"Trav-L-File Heavy-Duty Shuttle II, Black",Not,43.57,1,0.00,13.07,40.7127281,-74.0060152
323,CA-2014-156601,9/19/2014,9/24/2014,Standard Class,FA-14230,Frank Atkinson,Corporate,United States,Long Beach,California,90805,West,Anna Andreadi,OFF-FA-10000624,Office Supplies,Fasteners,OIC Binder Clips,Not,7.16,2,0.00,3.58,33.7690164,-118.191604
324,CA-2016-162138,4/23/2016,4/27/2016,Standard Class,GK-14620,Grace Kelly,Corporate,United States,Hesperia,California,92345,West,Anna Andreadi,OFF-BI-10004593,Office Supplies,Binders,Ibico Laser Imprintable Binding System Covers,Yes,251.52,6,0.20,81.74,34.4263886,-117.3008784
325,CA-2016-162138,4/23/2016,4/27/2016,Standard Class,GK-14620,Grace Kelly,Corporate,United States,Hesperia,California,92345,West,Anna Andreadi,TEC-AC-10001908,Technology,Accessories,Logitech Wireless Headset h800,Yes,99.99,1,0.00,35.00,34.4263886,-117.3008784
326,CA-2017-153339,3/11/2017,5/11/2017,Second Class,DJ-13510,Don Jones,Corporate,United States,Murfreesboro,Tennessee,37130,South,Cassandra Brandow,FUR-FU-10001967,Furniture,Furnishings,Telescoping Adjustable Floor Lamp,Not,15.99,1,0.20,1.00,35.8460396,-86.3921096
327,US-2016-141544,8/30/2016,8/30/2016,First Class,PO-18850,Patrick O'Brill,Consumer,United States,Philadelphia,Pennsylvania,19143,East,Chuck Magee,TEC-PH-10003645,Technology,Phones,Aastra 57i VoIP phone,Not,290.90,3,0.40,-67.88,39.9527237,-75.1635262
328,US-2016-141544,8/30/2016,8/30/2016,First Class,PO-18850,Patrick O'Brill,Consumer,United States,Philadelphia,Pennsylvania,19143,East,Chuck Magee,OFF-ST-10000675,Office Supplies,Storage,"File Shuttle II and Handi-File, Black",Not,54.22,2,0.20,3.39,39.9527237,-75.1635262
329,US-2016-141544,8/30/2016,8/30/2016,First Class,PO-18850,Patrick O'Brill,Consumer,United States,Philadelphia,Pennsylvania,19143,East,Chuck Magee,FUR-CH-10003312,Furniture,Chairs,Hon 2090 “Pillow Soft” Series Mid Back Swivel/Tilt Chairs,Not,786.74,4,0.30,-258.50,39.9527237,-75.1635262
330,US-2016-141544,8/30/2016,8/30/2016,First Class,PO-18850,Patrick O'Brill,Consumer,United States,Philadelphia,Pennsylvania,19143,East,Chuck Magee,OFF-LA-10001074,Office Supplies,Labels,Round Specialty Laser Printer Labels,Not,100.24,10,0.20,33.83,39.9527237,-75.1635262
331,US-2016-141544,8/30/2016,8/30/2016,First Class,PO-18850,Patrick O'Brill,Consumer,United States,Philadelphia,Pennsylvania,19143,East,Chuck Magee,OFF-BI-10001524,Office Supplies,Binders,GBC Premium Transparent Covers with Diagonal Lined Pattern,Not,37.76,6,0.70,-27.69,39.9527237,-75.1635262
332,US-2016-150147,4/25/2016,4/29/2016,Second Class,JL-15850,John Lucas,Consumer,United States,Philadelphia,Pennsylvania,19134,East,Chuck Magee,TEC-PH-10004614,Technology,Phones,AT&T 841000 Phone,Not,82.80,2,0.40,-20.70,39.9527237,-75.1635262
333,US-2016-150147,4/25/2016,4/29/2016,Second Class,JL-15850,John Lucas,Consumer,United States,Philadelphia,Pennsylvania,19134,East,Chuck Magee,OFF-BI-10001153,Office Supplies,Binders,Ibico Recycled Grain-Textured Covers,Not,20.72,2,0.70,-13.82,39.9527237,-75.1635262
334,US-2016-150147,4/25/2016,4/29/2016,Second Class,JL-15850,John Lucas,Consumer,United States,Philadelphia,Pennsylvania,19134,East,Chuck Magee,OFF-BI-10001982,Office Supplies,Binders,Wilson Jones Custom Binder Spines & Labels,Not,4.90,3,0.70,-3.43,39.9527237,-75.1635262
335,CA-2015-137946,1/9/2015,4/9/2015,Second Class,DB-13615,Doug Bickford,Consumer,United States,Los Angeles,California,90045,West,Anna Andreadi,OFF-BI-10001922,Office Supplies,Binders,Storex Dura Pro Binders,Not,4.75,1,0.20,1.60,34.0536909,-118.242766
336,CA-2015-137946,1/9/2015,4/9/2015,Second Class,DB-13615,Doug Bickford,Consumer,United States,Los Angeles,California,90045,West,Anna Andreadi,TEC-CO-10001449,Technology,Copiers,Hewlett Packard LaserJet 3310 Copier,Not,959.98,2,0.20,335.99,34.0536909,-118.242766
337,CA-2015-137946,1/9/2015,4/9/2015,Second Class,DB-13615,Doug Bickford,Consumer,United States,Los Angeles,California,90045,West,Anna Andreadi,OFF-BI-10004140,Office Supplies,Binders,Avery Non-Stick Binders,Not,14.37,4,0.20,4.49,34.0536909,-118.242766
338,CA-2014-129924,12/7/2014,12/7/2014,Standard Class,AC-10420,Alyssa Crouse,Corporate,United States,San Francisco,California,94122,West,Anna Andreadi,OFF-BI-10003314,Office Supplies,Binders,Tuff Stuff Recycled Round Ring Binders,Not,7.71,2,0.20,2.80,37.7792588,-122.4193286
339,CA-2014-129924,12/7/2014,12/7/2014,Standard Class,AC-10420,Alyssa Crouse,Corporate,United States,San Francisco,California,94122,West,Anna Andreadi,FUR-TA-10004575,Furniture,Tables,Hon 5100 Series Wood Tables,Not,698.35,3,0.20,-17.46,37.7792588,-122.4193286
340,CA-2015-128167,6/22/2015,6/26/2015,Second Class,KL-16645,Ken Lonsdale,Consumer,United States,Layton,Utah,84041,West,Anna Andreadi,OFF-FA-10000490,Office Supplies,Fasteners,"OIC Binder Clips, Mini, 1/4"" Capacity, Black",Not,4.96,4,0.00,2.33,41.0751048,-111.9741925
341,CA-2014-122336,4/13/2014,4/17/2014,Second Class,JD-15895,Jonathan Doherty,Corporate,United States,Philadelphia,Pennsylvania,19140,East,Chuck Magee,OFF-AR-10000122,Office Supplies,Art,Newell 314,Not,17.86,4,0.20,1.12,39.9527237,-75.1635262
342,CA-2014-122336,4/13/2014,4/17/2014,Second Class,JD-15895,Jonathan Doherty,Corporate,United States,Philadelphia,Pennsylvania,19140,East,Chuck Magee,OFF-BI-10003656,Office Supplies,Binders,Fellowes PB200 Plastic Comb Binding Machine,Not,509.97,10,0.70,-407.98,39.9527237,-75.1635262
343,CA-2014-122336,4/13/2014,4/17/2014,Second Class,JD-15895,Jonathan Doherty,Corporate,United States,Philadelphia,Pennsylvania,19140,East,Chuck Magee,OFF-FA-10002780,Office Supplies,Fasteners,Staples,Not,30.99,13,0.20,10.07,39.9527237,-75.1635262
344,CA-2014-122336,4/13/2014,4/17/2014,Second Class,JD-15895,Jonathan Doherty,Corporate,United States,Philadelphia,Pennsylvania,19140,East,Chuck Magee,TEC-PH-10000702,Technology,Phones,"Square Credit Card Reader, 4 1/2"" x 4 1/2"" x 1"", White",Not,71.93,12,0.40,8.39,39.9527237,-75.1635262
345,US-2015-120712,12/20/2015,12/24/2015,Standard Class,CS-12130,Chad Sievert,Consumer,United States,Austin,Texas,78745,Central,Kelly Williams,OFF-ST-10000107,Office Supplies,Storage,Fellowes Super Stor/Drawer,Not,88.80,4,0.20,-2.22,30.2711286,-97.7436995
346,CA-2017-169901,6/15/2017,6/19/2017,Standard Class,CC-12550,Clay Cheatham,Consumer,United States,San Francisco,California,94122,West,Anna Andreadi,TEC-PH-10002293,Technology,Phones,Anker 36W 4-Port USB Wall Charger Travel Power Adapter for iPhone 5s 5c 5,Not,47.98,3,0.20,4.80,37.7792588,-122.4193286
347,CA-2017-134306,8/7/2017,12/7/2017,Standard Class,TD-20995,Tamara Dahlen,Consumer,United States,Lowell,Massachusetts,1852,East,Chuck Magee,OFF-AR-10004027,Office Supplies,Art,"Binney & Smith inkTank Erasable Desk Highlighter, Chisel Tip, Yellow, 12/Box",Not,7.56,3,0.00,3.10,42.6414437,-71.3085329
348,CA-2017-134306,8/7/2017,12/7/2017,Standard Class,TD-20995,Tamara Dahlen,Consumer,United States,Lowell,Massachusetts,1852,East,Chuck Magee,OFF-PA-10000249,Office Supplies,Paper,Easy-staple paper,Not,24.56,2,0.00,11.54,42.6414437,-71.3085329
349,CA-2017-134306,8/7/2017,12/7/2017,Standard Class,TD-20995,Tamara Dahlen,Consumer,United States,Lowell,Massachusetts,1852,East,Chuck Magee,OFF-AR-10001374,Office Supplies,Art,"BIC Brite Liner Highlighters, Chisel Tip",Not,12.96,2,0.00,4.15,42.6414437,-71.3085329
350,CA-2016-129714,1/9/2016,3/9/2016,First Class,AB-10060,Adam Bellavance,Home Office,United States,New York City,New York,10009,East,Chuck Magee,TEC-AC-10000290,Technology,Accessories,Sabrent 4-Port USB 2.0 Hub,Not,6.79,1,0.00,2.31,40.7127281,-74.0060152
351,CA-2016-129714,1/9/2016,3/9/2016,First Class,AB-10060,Adam Bellavance,Home Office,United States,New York City,New York,10009,East,Chuck Magee,OFF-PA-10001970,Office Supplies,Paper,Xerox 1881,Not,24.56,2,0.00,11.54,40.7127281,-74.0060152
352,CA-2016-129714,1/9/2016,3/9/2016,First Class,AB-10060,Adam Bellavance,Home Office,United States,New York City,New York,10009,East,Chuck Magee,OFF-BI-10002160,Office Supplies,Binders,Acco Hanging Data Binders,Not,3.05,1,0.20,1.07,40.7127281,-74.0060152
353,CA-2016-129714,1/9/2016,3/9/2016,First Class,AB-10060,Adam Bellavance,Home Office,United States,New York City,New York,10009,East,Chuck Magee,OFF-PA-10001970,Office Supplies,Paper,Xerox 1881,Not,49.12,4,0.00,23.09,40.7127281,-74.0060152
354,CA-2016-129714,1/9/2016,3/9/2016,First Class,AB-10060,Adam Bellavance,Home Office,United States,New York City,New York,10009,East,Chuck Magee,OFF-BI-10004995,Office Supplies,Binders,GBC DocuBind P400 Electric Binding System,Not,4355.17,4,0.20,1415.43,40.7127281,-74.0060152
355,CA-2016-138520,8/4/2016,8/4/2016,Standard Class,JL-15505,Jeremy Lonsdale,Consumer,United States,New York City,New York,10035,East,Chuck Magee,FUR-BO-10002268,Furniture,Bookcases,Sauder Barrister Bookcases,Not,388.70,6,0.20,-4.86,40.7127281,-74.0060152
356,CA-2016-138520,8/4/2016,8/4/2016,Standard Class,JL-15505,Jeremy Lonsdale,Consumer,United States,New York City,New York,10035,East,Chuck Magee,OFF-EN-10001137,Office Supplies,Envelopes,"#10 Gummed Flap White Envelopes, 100/Box",Not,8.26,2,0.00,3.80,40.7127281,-74.0060152
357,CA-2016-138520,8/4/2016,8/4/2016,Standard Class,JL-15505,Jeremy Lonsdale,Consumer,United States,New York City,New York,10035,East,Chuck Magee,OFF-AR-10002399,Office Supplies,Art,"Dixon Prang Watercolor Pencils, 10-Color Set with Brush",Not,17.04,4,0.00,6.99,40.7127281,-74.0060152
358,CA-2016-138520,8/4/2016,8/4/2016,Standard Class,JL-15505,Jeremy Lonsdale,Consumer,United States,New York City,New York,10035,East,Chuck Magee,OFF-PA-10002713,Office Supplies,Paper,"Adams Phone Message Book, 200 Message Capacity, 8 1/16” x 11”",Not,34.40,5,0.00,15.82,40.7127281,-74.0060152
359,CA-2016-130001,4/23/2016,4/28/2016,Standard Class,HK-14890,Heather Kirkland,Corporate,United States,Charlotte,North Carolina,28205,South,Cassandra Brandow,OFF-PA-10002666,Office Supplies,Paper,Southworth 25% Cotton Linen-Finish Paper & Envelopes,Not,36.24,5,0.20,11.32,35.2272086,-80.8430827
360,CA-2017-155698,8/3/2017,11/3/2017,First Class,VB-21745,Victoria Brennan,Corporate,United States,Columbus,Georgia,31907,South,Cassandra Brandow,OFF-AP-10001124,Office Supplies,Appliances,Belkin 8 Outlet SurgeMaster II Gold Surge Protector with Phone Protection,Not,647.84,8,0.00,168.44,32.4610708,-84.9880449
361,CA-2017-155698,8/3/2017,11/3/2017,First Class,VB-21745,Victoria Brennan,Corporate,United States,Columbus,Georgia,31907,South,Cassandra Brandow,OFF-LA-10001158,Office Supplies,Labels,"Avery Address/Shipping Labels for Typewriters, 4"" x 2""",Not,20.70,2,0.00,9.94,32.4610708,-84.9880449
362,CA-2017-144904,9/25/2017,9/25/2017,Standard Class,KW-16435,Katrina Willman,Consumer,United States,New York City,New York,10009,East,Chuck Magee,OFF-LA-10001158,Office Supplies,Labels,"Avery Address/Shipping Labels for Typewriters, 4"" x 2""",Not,20.70,2,0.00,9.94,40.7127281,-74.0060152
363,CA-2017-144904,9/25/2017,9/25/2017,Standard Class,KW-16435,Katrina Willman,Consumer,United States,New York City,New York,10009,East,Chuck Magee,FUR-CH-10000785,Furniture,Chairs,Global Ergonomic Managers Chair,Not,488.65,3,0.10,86.87,40.7127281,-74.0060152
364,CA-2017-144904,9/25/2017,9/25/2017,Standard Class,KW-16435,Katrina Willman,Consumer,United States,New York City,New York,10009,East,Chuck Magee,OFF-AR-10003732,Office Supplies,Art,Newell 333,Not,5.56,2,0.00,1.45,40.7127281,-74.0060152
365,CA-2017-144904,9/25/2017,9/25/2017,Standard Class,KW-16435,Katrina Willman,Consumer,United States,New York City,New York,10009,East,Chuck Magee,FUR-FU-10000023,Furniture,Furnishings,Eldon Wave Desk Accessories,Not,47.12,8,0.00,20.73,40.7127281,-74.0060152
366,CA-2014-123344,9/24/2014,9/29/2014,Standard Class,JD-16060,Julia Dunbar,Consumer,United States,San Francisco,California,94109,West,Anna Andreadi,OFF-ST-10001713,Office Supplies,Storage,"Gould Plastics 9-Pocket Panel Bin, 18-3/8w x 5-1/4d x 20-1/2h, Black",Not,211.96,4,0.00,8.48,37.7792588,-122.4193286
367,CA-2016-155516,10/21/2016,10/21/2016,Same Day,MK-17905,Michael Kennedy,Corporate,United States,Manchester,Connecticut,6040,East,Chuck Magee,OFF-BI-10002412,Office Supplies,Binders,Wilson Jones “Snap” Scratch Pad Binder Tool for Ring Binders,Not,23.20,4,0.00,10.44,41.7834017,-72.5231973
368,CA-2016-155516,10/21/2016,10/21/2016,Same Day,MK-17905,Michael Kennedy,Corporate,United States,Manchester,Connecticut,6040,East,Chuck Magee,OFF-SU-10001225,Office Supplies,Supplies,Staple remover,Not,7.36,2,0.00,0.15,41.7834017,-72.5231973
369,CA-2016-155516,10/21/2016,10/21/2016,Same Day,MK-17905,Michael Kennedy,Corporate,United States,Manchester,Connecticut,6040,East,Chuck Magee,OFF-ST-10002406,Office Supplies,Storage,Pizazz Global Quick File,Not,104.79,7,0.00,29.34,41.7834017,-72.5231973
370,CA-2016-155516,10/21/2016,10/21/2016,Same Day,MK-17905,Michael Kennedy,Corporate,United States,Manchester,Connecticut,6040,East,Chuck Magee,FUR-BO-10002545,Furniture,Bookcases,"Atlantic Metals Mobile 3-Shelf Bookcases, Custom Colors",Not,1043.92,4,0.00,271.42,41.7834017,-72.5231973
371,CA-2017-104745,5/29/2017,5/29/2017,Standard Class,GT-14755,Guy Thornton,Consumer,United States,Harlingen,Texas,78550,Central,Kelly Williams,OFF-PA-10002036,Office Supplies,Paper,Xerox 1930,Not,25.92,5,0.20,9.40,26.1907543,-97.6960599
372,CA-2017-104745,5/29/2017,5/29/2017,Standard Class,GT-14755,Guy Thornton,Consumer,United States,Harlingen,Texas,78550,Central,Kelly Williams,OFF-ST-10002205,Office Supplies,Storage,File Shuttle I and Handi-File,Not,53.42,3,0.20,4.67,26.1907543,-97.6960599
373,US-2014-119137,7/23/2014,7/27/2014,Standard Class,AG-10900,Arthur Gainer,Consumer,United States,Tucson,Arizona,85705,West,Anna Andreadi,OFF-BI-10001982,Office Supplies,Binders,Wilson Jones Custom Binder Spines & Labels,Not,8.16,5,0.70,-5.71,32.2228765,-110.974847
374,US-2014-119137,7/23/2014,7/27/2014,Standard Class,AG-10900,Arthur Gainer,Consumer,United States,Tucson,Arizona,85705,West,Anna Andreadi,TEC-AC-10003911,Technology,Accessories,NETGEAR AC1750 Dual Band Gigabit Smart WiFi Router,Not,1023.94,8,0.20,179.19,32.2228765,-110.974847
375,US-2014-119137,7/23/2014,7/27/2014,Standard Class,AG-10900,Arthur Gainer,Consumer,United States,Tucson,Arizona,85705,West,Anna Andreadi,OFF-AR-10000658,Office Supplies,Art,Newell 324,Not,9.24,1,0.20,0.92,32.2228765,-110.974847
376,US-2014-119137,7/23/2014,7/27/2014,Standard Class,AG-10900,Arthur Gainer,Consumer,United States,Tucson,Arizona,85705,West,Anna Andreadi,TEC-AC-10002076,Technology,Accessories,Microsoft Natural Keyboard Elite,Not,479.04,10,0.20,-29.94,32.2228765,-110.974847
377,US-2016-134656,9/28/2016,9/28/2016,First Class,MM-18280,Muhammed MacIntyre,Corporate,United States,Quincy,Illinois,62301,Central,Kelly Williams,OFF-PA-10003039,Office Supplies,Paper,Xerox 1960,Not,99.14,4,0.20,30.98,39.9356016,-91.4098727
378,US-2017-134481,8/27/2017,8/27/2017,Standard Class,AR-10405,Allen Rosenblatt,Corporate,United States,Franklin,Massachusetts,2038,East,Chuck Magee,FUR-TA-10004915,Furniture,Tables,"Office Impressions End Table, 20-1/2""H x 24""W x 20""D",Not,1488.42,7,0.30,-297.68,42.0825801,-71.3971167
379,CA-2015-130792,4/28/2015,5/5/2015,Standard Class,RA-19915,Russell Applegate,Consumer,United States,Houston,Texas,77095,Central,Kelly Williams,OFF-AP-10000696,Office Supplies,Appliances,Holmes Odor Grabber,Not,8.65,3,0.80,-20.33,29.7589382,-95.3676974
380,CA-2015-130792,4/28/2015,5/5/2015,Standard Class,RA-19915,Russell Applegate,Consumer,United States,Houston,Texas,77095,Central,Kelly Williams,OFF-ST-10003327,Office Supplies,Storage,Akro-Mils 12-Gallon Tote,Not,23.83,3,0.20,2.68,29.7589382,-95.3676974
381,CA-2015-130792,4/28/2015,5/5/2015,Standard Class,RA-19915,Russell Applegate,Consumer,United States,Houston,Texas,77095,Central,Kelly Williams,OFF-BI-10000309,Office Supplies,Binders,"GBC Twin Loop Wire Binding Elements, 9/16"" Spine, Black",Not,12.18,4,0.80,-18.87,29.7589382,-95.3676974
382,CA-2016-134775,10/28/2016,10/29/2016,First Class,AS-10285,Alejandro Savely,Corporate,United States,San Francisco,California,94109,West,Anna Andreadi,OFF-PA-10004734,Office Supplies,Paper,Southworth Structures Collection,Yes,50.96,7,0.00,25.48,37.7792588,-122.4193286
383,CA-2016-134775,10/28/2016,10/29/2016,First Class,AS-10285,Alejandro Savely,Corporate,United States,San Francisco,California,94109,West,Anna Andreadi,OFF-BI-10002225,Office Supplies,Binders,"Square Ring Data Binders, Rigid 75 Pt. Covers, 11"" x 14-7/8""",Yes,49.54,3,0.20,17.34,37.7792588,-122.4193286
384,CA-2015-125395,6/26/2015,6/29/2015,Second Class,LA-16780,Laura Armstrong,Corporate,United States,Taylor,Michigan,48180,Central,Kelly Williams,TEC-AC-10004708,Technology,Accessories,Sony 32GB Class 10 Micro SDHC R40 Memory Card,Not,41.90,2,0.00,8.80,42.240872,-83.2696509
385,US-2015-168935,11/27/2015,11/27/2015,Standard Class,DO-13435,Denny Ordway,Consumer,United States,Pembroke Pines,Florida,33024,South,Cassandra Brandow,FUR-TA-10000617,Furniture,Tables,"Hon Practical Foundations 30 x 60 Training Table, Light Gray/Charcoal",Not,375.46,3,0.45,-157.01,26.0061943,-80.2872086
386,US-2015-168935,11/27/2015,11/27/2015,Standard Class,DO-13435,Denny Ordway,Consumer,United States,Pembroke Pines,Florida,33024,South,Cassandra Brandow,TEC-AC-10002335,Technology,Accessories,Logitech Media Keyboard K200,Not,83.98,3,0.20,-1.05,26.0061943,-80.2872086
387,CA-2015-122756,3/12/2015,7/12/2015,Standard Class,DK-13225,Dean Katz,Corporate,United States,Philadelphia,Pennsylvania,19140,East,Chuck Magee,TEC-MA-10001681,Technology,Machines,Lexmark MarkNet N8150 Wireless Print Server,Not,482.34,4,0.70,-337.64,39.9527237,-75.1635262
388,CA-2015-122756,3/12/2015,7/12/2015,Standard Class,DK-13225,Dean Katz,Corporate,United States,Philadelphia,Pennsylvania,19140,East,Chuck Magee,FUR-FU-10001935,Furniture,Furnishings,3M Hangers With Command Adhesive,Not,2.96,1,0.20,0.78,39.9527237,-75.1635262
389,CA-2014-115973,11/24/2014,11/26/2014,First Class,NG-18430,Nathan Gelder,Consumer,United States,Cincinnati,Ohio,45231,East,Chuck Magee,OFF-AR-10004757,Office Supplies,Art,Crayola Colored Pencils,Not,2.62,1,0.20,0.43,39.1014537,-84.5124602
390,CA-2017-101798,11/12/2017,12/15/2017,Standard Class,MV-18190,Mike Vittorini,Consumer,United States,New York City,New York,10009,East,Chuck Magee,OFF-BI-10000050,Office Supplies,Binders,"Angle-D Binders with Locking Rings, Label Holders",Not,23.36,4,0.20,7.88,40.7127281,-74.0060152
391,CA-2017-101798,11/12/2017,12/15/2017,Standard Class,MV-18190,Mike Vittorini,Consumer,United States,New York City,New York,10009,East,Chuck Magee,TEC-AC-10001998,Technology,Accessories,Logitech LS21 Speaker System - PC Multimedia - 2.1-CH - Wired,Not,39.98,2,0.00,13.59,40.7127281,-74.0060152
392,US-2014-135972,9/21/2014,9/23/2014,Second Class,JG-15115,Jack Garza,Consumer,United States,Des Moines,Washington,98198,West,Anna Andreadi,TEC-PH-10003012,Technology,Phones,Nortel Meridian M3904 Professional Digital phone,Not,246.38,2,0.20,27.72,47.398829,-122.3099093
393,US-2014-135972,9/21/2014,9/23/2014,Second Class,JG-15115,Jack Garza,Consumer,United States,Des Moines,Washington,98198,West,Anna Andreadi,TEC-CO-10002313,Technology,Copiers,Canon PC1080F Personal Copier,Not,1799.97,3,0.00,701.99,47.398829,-122.3099093
394,US-2014-134971,7/6/2014,10/6/2014,Second Class,BP-11095,Bart Pistole,Corporate,United States,Peoria,Illinois,61604,Central,Kelly Williams,OFF-BI-10003982,Office Supplies,Binders,Wilson Jones Century Plastic Molded Ring Binders,Not,12.46,3,0.80,-20.56,40.6938609,-89.5891008
395,CA-2017-102946,6/30/2017,6/30/2017,Standard Class,VP-21730,Victor Preis,Home Office,United States,Las Vegas,Nevada,89115,West,Anna Andreadi,OFF-BI-10004492,Office Supplies,Binders,Tuf-Vin Binders,Not,75.79,3,0.20,25.58,36.1672559,-115.148516
396,CA-2017-165603,10/17/2017,10/19/2017,Second Class,SS-20140,Saphhira Shifley,Corporate,United States,Warwick,Rhode Island,2886,East,Chuck Magee,OFF-ST-10000798,Office Supplies,Storage,2300 Heavy-Duty Transfer File Systems by Perma,Not,49.96,2,0.00,9.49,41.69927895,-71.45817245546176
397,CA-2017-165603,10/17/2017,10/19/2017,Second Class,SS-20140,Saphhira Shifley,Corporate,United States,Warwick,Rhode Island,2886,East,Chuck Magee,OFF-PA-10002552,Office Supplies,Paper,Xerox 1958,Not,12.96,2,0.00,6.22,41.69927895,-71.45817245546176
398,CA-2015-122259,10/31/2015,10/31/2015,Standard Class,HP-14815,Harold Pawlan,Home Office,United States,Jackson,Michigan,49201,Central,Kelly Williams,OFF-SU-10002573,Office Supplies,Supplies,"Acme 10"" Easy Grip Assistive Scissors",Not,70.12,4,0.00,21.04,42.2465036,-84.4016963
399,CA-2016-108987,8/9/2016,10/9/2016,Second Class,AG-10675,Anna Gayman,Consumer,United States,Houston,Texas,77036,Central,Kelly Williams,OFF-ST-10001580,Office Supplies,Storage,Super Decoflex Portable Personal File,Not,35.95,3,0.20,3.60,29.7589382,-95.3676974
400,CA-2016-108987,8/9/2016,10/9/2016,Second Class,AG-10675,Anna Gayman,Consumer,United States,Houston,Texas,77036,Central,Kelly Williams,FUR-BO-10004834,Furniture,Bookcases,"Riverside Palais Royal Lawyers Bookcase, Royale Cherry Finish",Not,2396.27,4,0.32,-317.15,29.7589382,-95.3676974
401,CA-2016-108987,8/9/2016,10/9/2016,Second Class,AG-10675,Anna Gayman,Consumer,United States,Houston,Texas,77036,Central,Kelly Williams,OFF-ST-10000934,Office Supplies,Storage,"Contico 72""H Heavy-Duty Storage System",Not,131.14,4,0.20,-32.78,29.7589382,-95.3676974
402,CA-2016-108987,8/9/2016,10/9/2016,Second Class,AG-10675,Anna Gayman,Consumer,United States,Houston,Texas,77036,Central,Kelly Williams,TEC-AC-10000158,Technology,Accessories,Sony 64GB Class 10 Micro SDHC R40 Memory Card,Not,57.58,2,0.20,0.72,29.7589382,-95.3676974
403,CA-2014-113166,12/24/2014,12/26/2014,First Class,LF-17185,Luke Foster,Consumer,United States,Miami,Florida,33180,South,Cassandra Brandow,OFF-PA-10001947,Office Supplies,Paper,Xerox 1974,Not,9.57,2,0.20,3.47,25.7741728,-80.19362
404,CA-2014-155208,4/16/2014,4/20/2014,Standard Class,SP-20650,Stephanie Phelps,Corporate,United States,Wilmington,North Carolina,28403,South,Cassandra Brandow,OFF-AR-10003478,Office Supplies,Art,"Avery Hi-Liter EverBold Pen Style Fluorescent Highlighters, 4/Pack",Not,39.07,6,0.20,9.77,34.2257282,-77.9447107
405,CA-2017-117933,12/24/2017,12/29/2017,Standard Class,RF-19840,Roy Französisch,Consumer,United States,New York City,New York,10024,East,Chuck Magee,OFF-AP-10004249,Office Supplies,Appliances,Staple holder,Not,35.91,3,0.00,9.70,40.7127281,-74.0060152
406,CA-2017-117457,8/12/2017,12/12/2017,Standard Class,KH-16510,Keith Herrera,Consumer,United States,San Francisco,California,94110,West,Anna Andreadi,TEC-AC-10000158,Technology,Accessories,Sony 64GB Class 10 Micro SDHC R40 Memory Card,Not,179.95,5,0.00,37.79,37.7792588,-122.4193286
407,CA-2017-117457,8/12/2017,12/12/2017,Standard Class,KH-16510,Keith Herrera,Consumer,United States,San Francisco,California,94110,West,Anna Andreadi,TEC-CO-10004115,Technology,Copiers,Sharp AL-1530CS Digital Copier,Not,1199.98,3,0.20,434.99,37.7792588,-122.4193286
408,CA-2017-117457,8/12/2017,12/12/2017,Standard Class,KH-16510,Keith Herrera,Consumer,United States,San Francisco,California,94110,West,Anna Andreadi,OFF-PA-10003724,Office Supplies,Paper,"Wirebound Message Book, 4 per Page",Not,27.15,5,0.00,13.30,37.7792588,-122.4193286
409,CA-2017-117457,8/12/2017,12/12/2017,Standard Class,KH-16510,Keith Herrera,Consumer,United States,San Francisco,California,94110,West,Anna Andreadi,FUR-TA-10002041,Furniture,Tables,"Bevis Round Conference Table Top, X-Base",Not,1004.02,7,0.20,-112.95,37.7792588,-122.4193286
410,CA-2017-117457,8/12/2017,12/12/2017,Standard Class,KH-16510,Keith Herrera,Consumer,United States,San Francisco,California,94110,West,Anna Andreadi,OFF-PA-10002893,Office Supplies,Paper,"Wirebound Service Call Books, 5 1/2"" x 4""",Not,9.68,1,0.00,4.65,37.7792588,-122.4193286
411,CA-2017-117457,8/12/2017,12/12/2017,Standard Class,KH-16510,Keith Herrera,Consumer,United States,San Francisco,California,94110,West,Anna Andreadi,OFF-LA-10003766,Office Supplies,Labels,Self-Adhesive Removable Labels,Not,28.35,9,0.00,13.61,37.7792588,-122.4193286
412,CA-2017-117457,8/12/2017,12/12/2017,Standard Class,KH-16510,Keith Herrera,Consumer,United States,San Francisco,California,94110,West,Anna Andreadi,OFF-PA-10001970,Office Supplies,Paper,Xerox 1908,Not,55.98,1,0.00,27.43,37.7792588,-122.4193286
413,CA-2017-117457,8/12/2017,12/12/2017,Standard Class,KH-16510,Keith Herrera,Consumer,United States,San Francisco,California,94110,West,Anna Andreadi,FUR-BO-10001972,Furniture,Bookcases,O'Sullivan 4-Shelf Bookcase in Odessa Pine,Not,1336.83,13,0.15,31.45,37.7792588,-122.4193286
414,CA-2017-117457,8/12/2017,12/12/2017,Standard Class,KH-16510,Keith Herrera,Consumer,United States,San Francisco,California,94110,West,Anna Andreadi,FUR-CH-10003956,Furniture,Chairs,Novimex High-Tech Fabric Mesh Task Chair,Not,113.57,2,0.20,-18.45,37.7792588,-122.4193286
415,CA-2017-142636,3/11/2017,7/11/2017,Standard Class,KC-16675,Kimberly Carter,Corporate,United States,Seattle,Washington,98105,West,Anna Andreadi,OFF-PA-10000157,Office Supplies,Paper,Xerox 191,Not,139.86,7,0.00,65.73,47.6038321,-122.330062
416,CA-2017-142636,3/11/2017,7/11/2017,Standard Class,KC-16675,Kimberly Carter,Corporate,United States,Seattle,Washington,98105,West,Anna Andreadi,FUR-CH-10001891,Furniture,Chairs,Global Deluxe Office Fabric Chairs,Not,307.14,4,0.20,26.87,47.6038321,-122.330062
417,CA-2017-122105,6/24/2017,6/28/2017,Standard Class,CJ-12010,Caroline Jumper,Consumer,United States,Huntington Beach,California,92646,West,Anna Andreadi,OFF-AR-10004344,Office Supplies,Art,Bulldog Vacuum Base Pencil Sharpener,Not,95.92,8,0.00,25.90,33.6783336,-118.000016
418,CA-2016-148796,4/14/2016,4/18/2016,Standard Class,PB-19150,Philip Brown,Consumer,United States,Los Angeles,California,90004,West,Anna Andreadi,FUR-CH-10004886,Furniture,Chairs,Bevis Steel Folding Chairs,Yes,383.80,5,0.20,38.38,34.0536909,-118.242766
419,CA-2017-154816,6/11/2017,10/11/2017,Standard Class,VB-21745,Victoria Brennan,Corporate,United States,Richmond,Kentucky,40475,South,Cassandra Brandow,OFF-PA-10003845,Office Supplies,Paper,Xerox 1987,Not,5.78,1,0.00,2.83,37.7478572,-84.2946539
420,CA-2017-110478,4/3/2017,9/3/2017,Standard Class,SP-20860,Sung Pak,Corporate,United States,Los Angeles,California,90045,West,Anna Andreadi,OFF-AR-10001573,Office Supplies,Art,American Pencil,Not,9.32,4,0.00,2.70,34.0536909,-118.242766
421,CA-2017-110478,4/3/2017,9/3/2017,Standard Class,SP-20860,Sung Pak,Corporate,United States,Los Angeles,California,90045,West,Anna Andreadi,OFF-EN-10000483,Office Supplies,Envelopes,"White Envelopes, White Envelopes with Clear Poly Window",Not,15.25,1,0.00,7.01,34.0536909,-118.242766
422,CA-2014-142048,6/22/2014,6/25/2014,First Class,JE-15745,Joel Eaton,Consumer,United States,Louisville,Colorado,80027,West,Anna Andreadi,TEC-AC-10004114,Technology,Accessories,KeyTronic 6101 Series - Keyboard - Black,Not,196.75,6,0.20,56.57,39.977763,-105.1319296
423,CA-2017-125388,10/19/2017,10/23/2017,Standard Class,MP-17965,Michael Paige,Corporate,United States,Lawrence,Massachusetts,1841,East,Chuck Magee,FUR-FU-10004712,Furniture,Furnishings,"Westinghouse Mesh Shade Clip-On Gooseneck Lamp, Black",Not,56.56,4,0.00,14.71,42.7070354,-71.1631137
424,CA-2017-125388,10/19/2017,10/23/2017,Standard Class,MP-17965,Michael Paige,Corporate,United States,Lawrence,Massachusetts,1841,East,Chuck Magee,OFF-ST-10000918,Office Supplies,Storage,Crate-A-Files,Not,32.70,3,0.00,8.50,42.7070354,-71.1631137
425,CA-2017-155705,8/21/2017,8/23/2017,Second Class,NF-18385,Natalie Fritzler,Consumer,United States,Jackson,Mississippi,39212,South,Cassandra Brandow,FUR-CH-10000015,Furniture,Chairs,Hon Multipurpose Stacking Arm Chairs,Not,866.40,4,0.00,225.26,32.2998686,-90.1830408
426,CA-2017-149160,11/23/2017,11/26/2017,Second Class,JM-15265,Janet Molinari,Corporate,United States,Canton,Michigan,48187,Central,Kelly Williams,FUR-FU-10003347,Furniture,Furnishings,Coloredge Poster Frame,Not,28.40,2,0.00,11.08,42.299825150000004,-83.48728667113446
427,CA-2017-149160,11/23/2017,11/26/2017,Second Class,JM-15265,Janet Molinari,Corporate,United States,Canton,Michigan,48187,Central,Kelly Williams,OFF-BI-10001543,Office Supplies,Binders,GBC VeloBinder Manual Binding System,Not,287.92,8,0.00,138.20,42.299825150000004,-83.48728667113446
428,CA-2014-101476,12/9/2014,12/9/2014,First Class,SD-20485,Shirley Daniels,Home Office,United States,New Rochelle,New York,10801,East,Chuck Magee,TEC-MA-10000029,Technology,Machines,"Epson WorkForce WF-2530 All-in-One Printer, Copier Scanner",Not,69.99,1,0.00,30.10,40.9115386,-73.7826363
429,CA-2017-152275,1/10/2017,8/10/2017,Standard Class,KH-16630,Ken Heidel,Corporate,United States,San Antonio,Texas,78207,Central,Kelly Williams,OFF-AR-10000369,Office Supplies,Art,Design Ebony Sketching Pencil,Not,6.67,6,0.20,0.50,29.4246002,-98.4951405
430,US-2016-123750,4/15/2016,4/21/2016,Standard Class,RB-19795,Ross Baird,Home Office,United States,Gastonia,North Carolina,28052,South,Cassandra Brandow,OFF-BI-10004584,Office Supplies,Binders,GBC ProClick 150 Presentation Binding System,Not,189.59,2,0.70,-145.35,35.2622654,-81.1838186
431,US-2016-123750,4/15/2016,4/21/2016,Standard Class,RB-19795,Ross Baird,Home Office,United States,Gastonia,North Carolina,28052,South,Cassandra Brandow,TEC-AC-10004659,Technology,Accessories,Imation Secure+ Hardware Encrypted USB 2.0 Flash Drive; 16GB,Not,408.74,7,0.20,76.64,35.2622654,-81.1838186
432,US-2016-123750,4/15/2016,4/21/2016,Standard Class,RB-19795,Ross Baird,Home Office,United States,Gastonia,North Carolina,28052,South,Cassandra Brandow,TEC-AC-10004659,Technology,Accessories,Imation Secure+ Hardware Encrypted USB 2.0 Flash Drive; 16GB,Not,291.96,5,0.20,54.74,35.2622654,-81.1838186
433,US-2016-123750,4/15/2016,4/21/2016,Standard Class,RB-19795,Ross Baird,Home Office,United States,Gastonia,North Carolina,28052,South,Cassandra Brandow,OFF-ST-10000617,Office Supplies,Storage,Woodgrain Magazine Files by Perma,Not,4.77,2,0.20,-0.77,35.2622654,-81.1838186
434,CA-2016-127369,6/6/2016,7/6/2016,First Class,DB-13060,Dave Brooks,Consumer,United States,Lowell,Massachusetts,1852,East,Chuck Magee,OFF-ST-10003306,Office Supplies,Storage,Letter Size Cart,Not,714.30,5,0.00,207.15,42.6414437,-71.3085329
435,US-2014-150574,12/19/2014,12/25/2014,Standard Class,MK-18160,Mike Kennedy,Consumer,United States,Jacksonville,Florida,32216,South,Cassandra Brandow,OFF-BI-10000773,Office Supplies,Binders,Insertable Tab Post Binder Dividers,Yes,4.81,2,0.70,-3.69,30.3321838,-81.655651
436,US-2014-150574,12/19/2014,12/25/2014,Standard Class,MK-18160,Mike Kennedy,Consumer,United States,Jacksonville,Florida,32216,South,Cassandra Brandow,TEC-AC-10002600,Technology,Accessories,Belkin QODE FastFit Bluetooth Keyboard,Yes,247.80,5,0.20,-18.59,30.3321838,-81.655651
437,CA-2016-147375,12/6/2016,12/6/2016,Second Class,PO-19180,Philisse Overcash,Home Office,United States,Chicago,Illinois,60623,Central,Kelly Williams,TEC-MA-10002937,Technology,Machines,"Canon Color ImageCLASS MF8580Cdw Wireless Laser All-In-One Printer, Copier, Scanner",Yes,1007.98,3,0.30,43.20,41.8755616,-87.6244212
438,CA-2016-147375,12/6/2016,12/6/2016,Second Class,PO-19180,Philisse Overcash,Home Office,United States,Chicago,Illinois,60623,Central,Kelly Williams,OFF-PA-10001970,Office Supplies,Paper,Xerox 1908,Yes,313.49,7,0.20,113.64,41.8755616,-87.6244212
439,CA-2017-130043,9/15/2017,9/19/2017,Standard Class,BB-11545,Brenda Bowman,Corporate,United States,Houston,Texas,77070,Central,Kelly Williams,OFF-PA-10002230,Office Supplies,Paper,Xerox 1897,Not,31.87,8,0.20,11.55,29.7589382,-95.3676974
440,CA-2017-157252,1/20/2017,1/23/2017,Second Class,CV-12805,Cynthia Voltz,Corporate,United States,New York City,New York,10024,East,Chuck Magee,FUR-CH-10003396,Furniture,Chairs,Global Deluxe Steno Chair,Not,207.85,3,0.10,2.31,40.7127281,-74.0060152
441,CA-2016-115756,5/9/2016,7/9/2016,Second Class,PK-19075,Pete Kriz,Consumer,United States,Detroit,Michigan,48227,Central,Kelly Williams,FUR-FU-10000246,Furniture,Furnishings,Aluminum Document Frame,Not,12.22,1,0.00,3.67,42.3315509,-83.0466403
442,CA-2016-115756,5/9/2016,7/9/2016,Second Class,PK-19075,Pete Kriz,Consumer,United States,Detroit,Michigan,48227,Central,Kelly Williams,OFF-ST-10000060,Office Supplies,Storage,Fellowes Bankers Box Staxonsteel Drawer File/Stacking System,Not,194.94,3,0.00,23.39,42.3315509,-83.0466403
443,CA-2016-115756,5/9/2016,7/9/2016,Second Class,PK-19075,Pete Kriz,Consumer,United States,Detroit,Michigan,48227,Central,Kelly Williams,OFF-ST-10003058,Office Supplies,Storage,Eldon Mobile Mega Data Cart  Mega Stackable  Add-On Trays,Not,70.95,3,0.00,20.58,42.3315509,-83.0466403
444,CA-2016-115756,5/9/2016,7/9/2016,Second Class,PK-19075,Pete Kriz,Consumer,United States,Detroit,Michigan,48227,Central,Kelly Williams,OFF-PA-10002222,Office Supplies,Paper,"Xerox Color Copier Paper, 11"" x 17"", Ream",Not,91.36,4,0.00,42.03,42.3315509,-83.0466403
445,CA-2016-115756,5/9/2016,7/9/2016,Second Class,PK-19075,Pete Kriz,Consumer,United States,Detroit,Michigan,48227,Central,Kelly Williams,FUR-CH-10002372,Furniture,Chairs,Office Star - Ergonomically Designed Knee Chair,Not,242.94,3,0.00,29.15,42.3315509,-83.0466403
446,CA-2016-115756,5/9/2016,7/9/2016,Second Class,PK-19075,Pete Kriz,Consumer,United States,Detroit,Michigan,48227,Central,Kelly Williams,OFF-LA-10001317,Office Supplies,Labels,Avery 520,Not,22.05,7,0.00,10.58,42.3315509,-83.0466403
447,CA-2017-154214,3/20/2017,3/25/2017,Second Class,TB-21595,Troy Blackwell,Consumer,United States,Columbus,Indiana,47201,Central,Kelly Williams,FUR-FU-10000206,Furniture,Furnishings,"GE General Purpose, Extra Long Life, Showcase & Floodlight Incandescent Bulbs",Yes,2.91,1,0.00,1.37,39.2014405,-85.9213796
448,CA-2016-166674,1/4/2016,3/4/2016,Second Class,RB-19360,Raymond Buch,Consumer,United States,Auburn,New York,13021,East,Chuck Magee,OFF-AR-10000588,Office Supplies,Art,Newell 345,Not,59.52,3,0.00,15.48,42.9320202,-76.5672029
449,CA-2016-166674,1/4/2016,3/4/2016,Second Class,RB-19360,Raymond Buch,Consumer,United States,Auburn,New York,13021,East,Chuck Magee,OFF-ST-10001469,Office Supplies,Storage,Fellowes Bankers Box Recycled Super Stor/Drawer,Not,161.94,3,0.00,9.72,42.9320202,-76.5672029
450,CA-2016-166674,1/4/2016,3/4/2016,Second Class,RB-19360,Raymond Buch,Consumer,United States,Auburn,New York,13021,East,Chuck Magee,OFF-AR-10001953,Office Supplies,Art,Boston 1645 Deluxe Heavier-Duty Electric Pencil Sharpener,Not,263.88,6,0.00,71.25,42.9320202,-76.5672029
451,CA-2016-166674,1/4/2016,3/4/2016,Second Class,RB-19360,Raymond Buch,Consumer,United States,Auburn,New York,13021,East,Chuck Magee,OFF-AR-10003156,Office Supplies,Art,50 Colored Long Pencils,Not,30.48,3,0.00,7.92,42.9320202,-76.5672029
452,CA-2016-166674,1/4/2016,3/4/2016,Second Class,RB-19360,Raymond Buch,Consumer,United States,Auburn,New York,13021,East,Chuck Magee,OFF-AR-10004974,Office Supplies,Art,Newell 342,Not,9.84,3,0.00,2.85,42.9320202,-76.5672029
453,CA-2016-166674,1/4/2016,3/4/2016,Second Class,RB-19360,Raymond Buch,Consumer,United States,Auburn,New York,13021,East,Chuck Magee,TEC-PH-10002365,Technology,Phones,Belkin Grip Candy Sheer Case / Cover for iPhone 5 and 5S,Not,35.12,4,0.00,9.13,42.9320202,-76.5672029
454,CA-2017-147277,10/20/2017,10/24/2017,Standard Class,EB-13705,Ed Braxton,Corporate,United States,Akron,Ohio,44312,East,Chuck Magee,FUR-TA-10001539,Furniture,Tables,Chromcraft Rectangular Conference Tables,Not,284.36,2,0.40,-75.83,41.083064,-81.518485
455,CA-2017-147277,10/20/2017,10/24/2017,Standard Class,EB-13705,Ed Braxton,Corporate,United States,Akron,Ohio,44312,East,Chuck Magee,OFF-ST-10000142,Office Supplies,Storage,Deluxe Rollaway Locking File with Drawer,Not,665.41,2,0.20,66.54,41.083064,-81.518485
456,CA-2016-100153,12/13/2016,12/17/2016,Standard Class,KH-16630,Ken Heidel,Corporate,United States,Norman,Oklahoma,73071,Central,Kelly Williams,TEC-AC-10001772,Technology,Accessories,Memorex Mini Travel Drive 16 GB USB 2.0 Flash Drive,Not,63.88,4,0.00,24.91,35.2225717,-97.4394816
457,US-2014-110674,12/2/2014,12/2/2014,Standard Class,SC-20095,Sanjit Chand,Consumer,United States,Concord,California,94521,West,Anna Andreadi,FUR-CH-10000225,Furniture,Chairs,"Global Geo Office Task Chair, Gray",Not,129.57,2,0.20,-24.29,37.9768525,-122.0335624
458,US-2016-157945,9/26/2016,9/26/2016,Standard Class,NF-18385,Natalie Fritzler,Consumer,United States,Decatur,Illinois,62521,Central,Kelly Williams,FUR-CH-10002331,Furniture,Chairs,Hon 4700 Series Mobuis Mid-Back Task Chairs with Adjustable Arms,Not,747.56,3,0.30,-96.11,39.8454163,-88.9524151
459,US-2016-157945,9/26/2016,9/26/2016,Standard Class,NF-18385,Natalie Fritzler,Consumer,United States,Decatur,Illinois,62521,Central,Kelly Williams,OFF-EN-10001415,Office Supplies,Envelopes,Staple envelope,Not,8.93,2,0.20,3.35,39.8454163,-88.9524151
460,CA-2015-109638,12/15/2015,12/22/2015,Standard Class,JH-15985,Joseph Holt,Consumer,United States,Seattle,Washington,98115,West,Anna Andreadi,OFF-AP-10002472,Office Supplies,Appliances,3M Office Air Cleaner,Not,103.92,4,0.00,36.37,47.6038321,-122.330062
461,CA-2015-109638,12/15/2015,12/22/2015,Standard Class,JH-15985,Joseph Holt,Consumer,United States,Seattle,Washington,98115,West,Anna Andreadi,TEC-AC-10004571,Technology,Accessories,Logitech G700s Rechargeable Gaming Mouse,Not,899.91,9,0.00,377.96,47.6038321,-122.330062
462,CA-2015-109638,12/15/2015,12/22/2015,Standard Class,JH-15985,Joseph Holt,Consumer,United States,Seattle,Washington,98115,West,Anna Andreadi,OFF-BI-10001098,Office Supplies,Binders,Acco D-Ring Binder w/DublLock,Not,51.31,3,0.20,18.60,47.6038321,-122.330062
463,CA-2016-109869,4/22/2016,4/29/2016,Standard Class,TN-21040,Tanja Norvell,Home Office,United States,Phoenix,Arizona,85023,West,Anna Andreadi,FUR-FU-10000023,Furniture,Furnishings,Eldon Wave Desk Accessories,Yes,23.56,5,0.20,7.07,33.4484367,-112.074141
464,CA-2016-109869,4/22/2016,4/29/2016,Standard Class,TN-21040,Tanja Norvell,Home Office,United States,Phoenix,Arizona,85023,West,Anna Andreadi,FUR-TA-10001889,Furniture,Tables,Bush Advantage Collection Racetrack Conference Table,Yes,1272.63,6,0.50,-814.48,33.4484367,-112.074141
465,CA-2016-109869,4/22/2016,4/29/2016,Standard Class,TN-21040,Tanja Norvell,Home Office,United States,Phoenix,Arizona,85023,West,Anna Andreadi,OFF-BI-10000315,Office Supplies,Binders,Poly Designer Cover & Back,Yes,28.48,5,0.70,-20.89,33.4484367,-112.074141
466,CA-2016-109869,4/22/2016,4/29/2016,Standard Class,TN-21040,Tanja Norvell,Home Office,United States,Phoenix,Arizona,85023,West,Anna Andreadi,OFF-SU-10003505,Office Supplies,Supplies,Premier Electric Letter Opener,Yes,185.38,2,0.20,-34.76,33.4484367,-112.074141
467,CA-2016-109869,4/22/2016,4/29/2016,Standard Class,TN-21040,Tanja Norvell,Home Office,United States,Phoenix,Arizona,85023,West,Anna Andreadi,OFF-AP-10002578,Office Supplies,Appliances,"Fellowes Premier Superior Surge Suppressor, 10-Outlet, With Phone and Remote",Yes,78.27,2,0.20,5.87,33.4484367,-112.074141
468,US-2015-101399,1/17/2015,1/24/2015,Standard Class,JS-15940,Joni Sundaresam,Home Office,United States,Park Ridge,Illinois,60068,Central,Kelly Williams,FUR-FU-10002918,Furniture,Furnishings,Eldon ClusterMat Chair Mat with Cordless Antistatic Protection,Not,254.74,7,0.60,-312.06,42.0112329,-87.8406031
469,CA-2017-154907,3/31/2017,4/4/2017,Standard Class,DS-13180,David Smith,Corporate,United States,Amarillo,Texas,79109,Central,Kelly Williams,FUR-BO-10002824,Furniture,Bookcases,Bush Mission Pointe Library,Not,205.33,2,0.32,-36.24,35.20729,-101.8371192
470,US-2016-100419,12/16/2016,12/20/2016,Second Class,CC-12670,Craig Carreira,Consumer,United States,Chicago,Illinois,60610,Central,Kelly Williams,OFF-BI-10002194,Office Supplies,Binders,Cardinal Hold-It CD Pocket,Not,4.79,3,0.80,-7.90,41.8755616,-87.6244212
471,CA-2015-154144,12/20/2015,12/24/2015,Standard Class,MH-17785,Maya Herman,Corporate,United States,Lindenhurst,New York,11757,East,Chuck Magee,OFF-PA-10004071,Office Supplies,Paper,"Eaton Premium Continuous-Feed Paper, 25% Cotton, Letter Size, White, 1000 Shts/Box",Not,55.48,1,0.00,26.63,40.6867667,-73.3734547
472,CA-2014-144666,9/11/2014,11/11/2014,Second Class,JP-15520,Jeremy Pistek,Consumer,United States,San Francisco,California,94110,West,Anna Andreadi,OFF-ST-10002743,Office Supplies,Storage,SAFCO Boltless Steel Shelving,Not,340.92,3,0.00,3.41,37.7792588,-122.4193286
473,CA-2014-144666,9/11/2014,11/11/2014,Second Class,JP-15520,Jeremy Pistek,Consumer,United States,San Francisco,California,94110,West,Anna Andreadi,FUR-BO-10001601,Furniture,Bookcases,"Sauder Mission Library with Doors, Fruitwood Finish",Not,222.67,2,0.15,10.48,37.7792588,-122.4193286
474,CA-2014-144666,9/11/2014,11/11/2014,Second Class,JP-15520,Jeremy Pistek,Consumer,United States,San Francisco,California,94110,West,Anna Andreadi,TEC-PH-10002680,Technology,Phones,Samsung Galaxy Note 3,Not,703.97,4,0.20,88.00,37.7792588,-122.4193286
475,CA-2014-144666,9/11/2014,11/11/2014,Second Class,JP-15520,Jeremy Pistek,Consumer,United States,San Francisco,California,94110,West,Anna Andreadi,OFF-ST-10001321,Office Supplies,Storage,"Decoflex Hanging Personal Folder File, Blue",Not,92.52,6,0.00,24.98,37.7792588,-122.4193286
476,CA-2014-144666,9/11/2014,11/11/2014,Second Class,JP-15520,Jeremy Pistek,Consumer,United States,San Francisco,California,94110,West,Anna Andreadi,OFF-PA-10001509,Office Supplies,Paper,"Recycled Desk Saver Line ""While You Were Out"" Book, 5 1/2"" X 4""",Not,62.65,7,0.00,28.82,37.7792588,-122.4193286
477,CA-2014-144666,9/11/2014,11/11/2014,Second Class,JP-15520,Jeremy Pistek,Consumer,United States,San Francisco,California,94110,West,Anna Andreadi,OFF-PA-10003465,Office Supplies,Paper,Xerox 1912,Not,94.85,5,0.00,45.53,37.7792588,-122.4193286
478,CA-2016-103891,12/7/2016,12/7/2016,Standard Class,KH-16690,Kristen Hastings,Corporate,United States,Los Angeles,California,90008,West,Anna Andreadi,TEC-PH-10000149,Technology,Phones,Cisco SPA525G2 IP Phone - Wireless,Not,95.76,6,0.20,7.18,34.0536909,-118.242766
479,CA-2016-152632,10/27/2016,10/27/2016,Standard Class,JE-15475,Jeremy Ellison,Consumer,United States,Troy,New York,12180,East,Chuck Magee,FUR-FU-10002671,Furniture,Furnishings,Electrix 20W Halogen Replacement Bulb for Zoom-In Desk Lamp,Not,40.20,3,0.00,19.30,42.7284117,-73.6917878
480,CA-2016-100790,6/26/2016,6/26/2016,Standard Class,JG-15805,John Grady,Corporate,United States,New York City,New York,10024,East,Chuck Magee,OFF-AR-10003045,Office Supplies,Art,Prang Colored Pencils,Not,14.70,5,0.00,6.62,40.7127281,-74.0060152
481,CA-2016-100790,6/26/2016,6/26/2016,Standard Class,JG-15805,John Grady,Corporate,United States,New York City,New York,10024,East,Chuck Magee,OFF-ST-10000689,Office Supplies,Storage,"Fellowes Strictly Business Drawer File, Letter/Legal Size",Not,704.25,5,0.00,84.51,40.7127281,-74.0060152
482,CA-2014-134677,6/10/2014,10/10/2014,Standard Class,XP-21865,Xylona Preis,Consumer,United States,San Diego,California,92024,West,Anna Andreadi,TEC-AC-10001445,Technology,Accessories,Imation USB 2.0 Swivel Flash Drive USB flash drive - 4 GB - Pink,Not,9.09,3,0.00,1.91,32.7174202,-117.162772
483,CA-2014-127691,7/22/2014,7/27/2014,Standard Class,EM-14065,Erin Mull,Consumer,United States,New York City,New York,10024,East,Chuck Magee,OFF-AR-10002053,Office Supplies,Art,"Premium Writing Pencils, Soft, #2 by Central Association for the Blind",Not,5.96,2,0.00,1.67,40.7127281,-74.0060152
484,CA-2014-127691,7/22/2014,7/27/2014,Standard Class,EM-14065,Erin Mull,Consumer,United States,New York City,New York,10024,East,Chuck Magee,TEC-AC-10002567,Technology,Accessories,Logitech G602 Wireless Gaming Mouse,Not,159.98,2,0.00,57.59,40.7127281,-74.0060152
485,CA-2017-140963,10/6/2017,10/6/2017,First Class,MT-18070,Michelle Tran,Home Office,United States,Los Angeles,California,90045,West,Anna Andreadi,OFF-LA-10003923,Office Supplies,Labels,Alphabetical Labels for Top Tab Filing,Yes,29.60,2,0.00,14.80,34.0536909,-118.242766
486,CA-2017-140963,10/6/2017,10/6/2017,First Class,MT-18070,Michelle Tran,Home Office,United States,Los Angeles,California,90045,West,Anna Andreadi,FUR-BO-10001337,Furniture,Bookcases,O'Sullivan Living Dimensions 2-Shelf Bookcases,Yes,514.16,5,0.15,-30.25,34.0536909,-118.242766
487,CA-2017-140963,10/6/2017,10/6/2017,First Class,MT-18070,Michelle Tran,Home Office,United States,Los Angeles,California,90045,West,Anna Andreadi,TEC-PH-10001924,Technology,Phones,iHome FM Clock Radio with Lightning Dock,Yes,279.96,5,0.20,17.50,34.0536909,-118.242766
488,CA-2014-154627,10/29/2014,10/31/2014,First Class,SA-20830,Sue Ann Reed,Consumer,United States,Chicago,Illinois,60610,Central,Kelly Williams,TEC-PH-10001363,Technology,Phones,Apple iPhone 5S,Not,2735.95,6,0.20,341.99,41.8755616,-87.6244212
489,CA-2014-133753,9/6/2014,9/6/2014,Second Class,CW-11905,Carl Weiss,Home Office,United States,Huntsville,Texas,77340,Central,Kelly Williams,TEC-PH-10000376,Technology,Phones,Square Credit Card Reader,Not,7.99,1,0.20,0.60,30.7235263,-95.5507771
490,CA-2014-133753,9/6/2014,9/6/2014,Second Class,CW-11905,Carl Weiss,Home Office,United States,Huntsville,Texas,77340,Central,Kelly Williams,TEC-AC-10000303,Technology,Accessories,Logitech M510 Wireless Mouse,Not,63.98,2,0.20,10.40,30.7235263,-95.5507771
491,CA-2014-133753,9/6/2014,9/6/2014,Second Class,CW-11905,Carl Weiss,Home Office,United States,Huntsville,Texas,77340,Central,Kelly Williams,OFF-AR-10001953,Office Supplies,Art,Boston 1645 Deluxe Heavier-Duty Electric Pencil Sharpener,Not,70.37,2,0.20,6.16,30.7235263,-95.5507771
492,CA-2014-113362,9/14/2014,9/19/2014,Standard Class,AJ-10960,Astrea Jones,Consumer,United States,Rochester,New York,14609,East,Chuck Magee,OFF-ST-10001809,Office Supplies,Storage,Fellowes Officeware Wire Shelving,Not,449.15,5,0.00,8.98,43.157285,-77.615214
493,CA-2014-113362,9/14/2014,9/19/2014,Standard Class,AJ-10960,Astrea Jones,Consumer,United States,Rochester,New York,14609,East,Chuck Magee,OFF-EN-10003845,Office Supplies,Envelopes,Colored Envelopes,Not,11.07,3,0.00,5.09,43.157285,-77.615214
494,CA-2016-169166,9/5/2016,9/5/2016,Standard Class,SS-20590,Sonia Sunley,Consumer,United States,Seattle,Washington,98115,West,Anna Andreadi,TEC-AC-10000991,Technology,Accessories,Sony Micro Vault Click 8 GB USB 2.0 Flash Drive,Not,93.98,2,0.00,13.16,47.6038321,-122.330062
495,US-2016-120929,3/18/2016,3/21/2016,Second Class,RO-19780,Rose O'Brian,Consumer,United States,Memphis,Tennessee,38109,South,Cassandra Brandow,FUR-TA-10001857,Furniture,Tables,Balt Solid Wood Rectangular Table,Not,189.88,3,0.40,-94.94,35.1460249,-90.0517638
496,CA-2015-134782,12/27/2015,12/31/2015,Standard Class,MD-17350,Maribeth Dona,Consumer,United States,Fayetteville,Arkansas,72701,South,Cassandra Brandow,OFF-EN-10001434,Office Supplies,Envelopes,"Strathmore #10 Envelopes, Ultimate White",Not,105.42,2,0.00,51.66,36.0625843,-94.1574328
497,CA-2016-126158,7/25/2016,7/31/2016,Standard Class,SC-20095,Sanjit Chand,Consumer,United States,Costa Mesa,California,92627,West,Anna Andreadi,OFF-BI-10002498,Office Supplies,Binders,Clear Mylar Reinforcing Strips,Not,119.62,8,0.20,40.37,33.6633386,-117.903317
498,CA-2016-126158,7/25/2016,7/31/2016,Standard Class,SC-20095,Sanjit Chand,Consumer,United States,Costa Mesa,California,92627,West,Anna Andreadi,FUR-FU-10004864,Furniture,Furnishings,"Howard Miller 14-1/2"" Diameter Chrome Round Wall Clock",Not,255.76,4,0.00,81.84,33.6633386,-117.903317
499,CA-2016-126158,7/25/2016,7/31/2016,Standard Class,SC-20095,Sanjit Chand,Consumer,United States,Costa Mesa,California,92627,West,Anna Andreadi,FUR-CH-10002602,Furniture,Chairs,DMI Arturo Collection Mission-style Design Wood Chair,Not,241.57,2,0.20,18.12,33.6633386,-117.903317
500,CA-2016-126158,7/25/2016,7/31/2016,Standard Class,SC-20095,Sanjit Chand,Consumer,United States,Costa Mesa,California,92627,West,Anna Andreadi,FUR-FU-10000073,Furniture,Furnishings,Deflect-O Glasstique Clear Desk Accessories,Not,69.30,9,0.00,22.87,33.6633386,-117.903317
501,US-2016-105578,5/30/2016,5/30/2016,Standard Class,MY-17380,Maribeth Yedwab,Corporate,United States,Parker,Colorado,80134,West,Anna Andreadi,OFF-BI-10001670,Office Supplies,Binders,Vinyl Sectional Post Binders,Yes,22.62,2,0.70,-15.08,39.5184514,-104.7612638
502,US-2016-105578,5/30/2016,5/30/2016,Standard Class,MY-17380,Maribeth Yedwab,Corporate,United States,Parker,Colorado,80134,West,Anna Andreadi,OFF-BI-10001658,Office Supplies,Binders,GBC Standard Therm-A-Bind Covers,Yes,14.95,2,0.70,-11.96,39.5184514,-104.7612638
503,US-2016-105578,5/30/2016,5/30/2016,Standard Class,MY-17380,Maribeth Yedwab,Corporate,United States,Parker,Colorado,80134,West,Anna Andreadi,FUR-CH-10001215,Furniture,Chairs,Global Troy Executive Leather Low-Back Tilter,Yes,801.57,2,0.20,50.10,39.5184514,-104.7612638
504,US-2016-105578,5/30/2016,5/30/2016,Standard Class,MY-17380,Maribeth Yedwab,Corporate,United States,Parker,Colorado,80134,West,Anna Andreadi,OFF-BI-10000831,Office Supplies,Binders,Storex Flexible Poly Binders with Double Pockets,Yes,2.38,3,0.70,-1.90,39.5184514,-104.7612638
505,US-2016-105578,5/30/2016,5/30/2016,Standard Class,MY-17380,Maribeth Yedwab,Corporate,United States,Parker,Colorado,80134,West,Anna Andreadi,OFF-PA-10000357,Office Supplies,Paper,"White Dual Perf Computer Printout Paper, 2700 Sheets, 1 Part, Heavyweight, 20 lbs., 14 7/8 x 11",Yes,32.79,1,0.20,11.89,39.5184514,-104.7612638
506,CA-2017-134978,12/11/2017,12/11/2017,Second Class,EB-13705,Ed Braxton,Corporate,United States,New York City,New York,10024,East,Chuck Magee,OFF-BI-10003274,Office Supplies,Binders,"Avery Durable Slant Ring Binders, No Labels",Not,15.92,5,0.20,5.37,40.7127281,-74.0060152
507,CA-2015-145352,3/16/2015,3/22/2015,Standard Class,CM-12385,Christopher Martinez,Consumer,United States,Atlanta,Georgia,30318,South,Cassandra Brandow,OFF-AR-10001662,Office Supplies,Art,Rogers Handheld Barrel Pencil Sharpener,Not,2.74,1,0.00,0.74,33.7489924,-84.3902644
508,CA-2015-145352,3/16/2015,3/22/2015,Standard Class,CM-12385,Christopher Martinez,Consumer,United States,Atlanta,Georgia,30318,South,Cassandra Brandow,OFF-AR-10003856,Office Supplies,Art,Newell 344,Not,8.34,3,0.00,2.17,33.7489924,-84.3902644
509,CA-2015-145352,3/16/2015,3/22/2015,Standard Class,CM-12385,Christopher Martinez,Consumer,United States,Atlanta,Georgia,30318,South,Cassandra Brandow,OFF-ST-10001228,Office Supplies,Storage,Personal File Boxes with Fold-Down Carry Handle,Not,46.74,3,0.00,11.69,33.7489924,-84.3902644
510,CA-2015-145352,3/16/2015,3/22/2015,Standard Class,CM-12385,Christopher Martinez,Consumer,United States,Atlanta,Georgia,30318,South,Cassandra Brandow,OFF-BI-10003527,Office Supplies,Binders,Fellowes PB500 Electric Punch Plastic Comb Binding Machine with Manual Bind,Not,6354.95,5,0.00,3177.47,33.7489924,-84.3902644
511,CA-2017-135307,11/26/2017,11/27/2017,First Class,LS-17245,Lynn Smith,Consumer,United States,Gladstone,Missouri,64118,Central,Kelly Williams,FUR-FU-10001290,Furniture,Furnishings,Executive Impressions Supervisor Wall Clock,Not,126.30,3,0.00,40.42,39.2214765,-94.5719748
512,CA-2017-135307,11/26/2017,11/27/2017,First Class,LS-17245,Lynn Smith,Consumer,United States,Gladstone,Missouri,64118,Central,Kelly Williams,TEC-AC-10002399,Technology,Accessories,SanDisk Cruzer 32 GB USB Flash Drive,Not,38.04,2,0.00,12.17,39.2214765,-94.5719748
513,CA-2016-106341,10/20/2016,10/23/2016,First Class,LF-17185,Luke Foster,Consumer,United States,Newark,Ohio,43055,East,Chuck Magee,OFF-AR-10002053,Office Supplies,Art,"Premium Writing Pencils, Soft, #2 by Central Association for the Blind",Not,7.15,3,0.20,0.72,40.0581205,-82.4012643
514,CA-2017-163405,12/21/2017,12/25/2017,Standard Class,BN-11515,Bradley Nguyen,Consumer,United States,Los Angeles,California,90049,West,Anna Andreadi,OFF-AR-10003811,Office Supplies,Art,Newell 327,Not,6.63,3,0.00,1.79,34.0536909,-118.242766
515,CA-2017-163405,12/21/2017,12/25/2017,Standard Class,BN-11515,Bradley Nguyen,Consumer,United States,Los Angeles,California,90049,West,Anna Andreadi,OFF-AR-10001246,Office Supplies,Art,Newell 317,Not,5.88,2,0.00,1.71,34.0536909,-118.242766
516,CA-2017-127432,1/22/2017,1/27/2017,Standard Class,AD-10180,Alan Dominguez,Home Office,United States,Great Falls,Montana,59405,West,Anna Andreadi,TEC-CO-10003236,Technology,Copiers,Canon Image Class D660 Copier,Not,2999.95,5,0.00,1379.98,47.5048851,-111.29189
517,CA-2017-127432,1/22/2017,1/27/2017,Standard Class,AD-10180,Alan Dominguez,Home Office,United States,Great Falls,Montana,59405,West,Anna Andreadi,OFF-ST-10004507,Office Supplies,Storage,Advantus Rolling Storage Box,Not,51.45,3,0.00,13.89,47.5048851,-111.29189
518,CA-2017-127432,1/22/2017,1/27/2017,Standard Class,AD-10180,Alan Dominguez,Home Office,United States,Great Falls,Montana,59405,West,Anna Andreadi,OFF-PA-10001667,Office Supplies,Paper,Great White Multi-Use Recycled Paper (20Lb. and 84 Bright),Not,11.96,2,0.00,5.38,47.5048851,-111.29189
519,CA-2017-127432,1/22/2017,1/27/2017,Standard Class,AD-10180,Alan Dominguez,Home Office,United States,Great Falls,Montana,59405,West,Anna Andreadi,OFF-ST-10004459,Office Supplies,Storage,Tennsco Single-Tier Lockers,Not,1126.02,3,0.00,56.30,47.5048851,-111.29189
520,CA-2015-157812,3/22/2015,3/26/2015,Standard Class,DB-13210,Dean Braden,Consumer,United States,Houston,Texas,77041,Central,Kelly Williams,TEC-AC-10000171,Technology,Accessories,"Verbatim 25 GB 6x Blu-ray Single Layer Recordable Disc, 25/Pack",Yes,18.39,1,0.20,5.29,29.7589382,-95.3676974
521,CA-2015-157812,3/22/2015,3/26/2015,Standard Class,DB-13210,Dean Braden,Consumer,United States,Houston,Texas,77041,Central,Kelly Williams,OFF-ST-10000736,Office Supplies,Storage,Carina Double Wide Media Storage Towers in Natural & Black,Yes,129.57,2,0.20,-25.91,29.7589382,-95.3676974
522,CA-2015-157812,3/22/2015,3/26/2015,Standard Class,DB-13210,Dean Braden,Consumer,United States,Houston,Texas,77041,Central,Kelly Williams,OFF-BI-10000285,Office Supplies,Binders,XtraLife ClearVue Slant-D Ring Binders by Cardinal,Yes,14.11,9,0.80,-21.17,29.7589382,-95.3676974
523,CA-2017-145142,1/23/2017,1/25/2017,First Class,MC-17605,Matt Connell,Corporate,United States,Detroit,Michigan,48234,Central,Kelly Williams,FUR-TA-10001857,Furniture,Tables,Balt Solid Wood Rectangular Table,Not,210.98,2,0.00,21.10,42.3315509,-83.0466403
524,US-2016-139486,5/21/2016,5/23/2016,First Class,LH-17155,Logan Haushalter,Consumer,United States,Los Angeles,California,90032,West,Anna Andreadi,TEC-PH-10003555,Technology,Phones,Motorola HK250 Universal Bluetooth Headset,Not,55.18,3,0.20,-12.41,34.0536909,-118.242766
525,US-2016-139486,5/21/2016,5/23/2016,First Class,LH-17155,Logan Haushalter,Consumer,United States,Los Angeles,California,90032,West,Anna Andreadi,TEC-AC-10003832,Technology,Accessories,Imation 16GB Mini TravelDrive USB 2.0 Flash Drive,Not,66.26,2,0.00,27.17,34.0536909,-118.242766
526,CA-2015-158792,12/26/2015,2/1/2016,Standard Class,BD-11605,Brian Dahlen,Consumer,United States,Lawrence,Massachusetts,1841,East,Chuck Magee,OFF-FA-10002815,Office Supplies,Fasteners,Staples,Not,22.20,5,0.00,10.43,42.7070354,-71.1631137
527,CA-2017-113558,10/21/2017,10/26/2017,Standard Class,PH-18790,Patricia Hirasaki,Home Office,United States,Lakeland,Florida,33801,South,Cassandra Brandow,FUR-CH-10003379,Furniture,Chairs,Global Commerce Series High-Back Swivel/Tilt Chairs,Not,683.95,3,0.20,42.75,28.0394654,-81.9498042
528,CA-2017-113558,10/21/2017,10/26/2017,Standard Class,PH-18790,Patricia Hirasaki,Home Office,United States,Lakeland,Florida,33801,South,Cassandra Brandow,FUR-FU-10001756,Furniture,Furnishings,"Eldon Expressions Desk Accessory, Wood Photo Frame, Mahogany",Not,45.70,3,0.20,5.14,28.0394654,-81.9498042
529,US-2015-138303,3/9/2015,7/9/2015,Standard Class,MG-18145,Mike Gockenbach,Consumer,United States,Philadelphia,Pennsylvania,19134,East,Chuck Magee,OFF-ST-10004963,Office Supplies,Storage,Eldon Gobal File Keepers,Not,36.34,3,0.20,-7.27,39.9527237,-75.1635262
530,US-2015-138303,3/9/2015,7/9/2015,Standard Class,MG-18145,Mike Gockenbach,Consumer,United States,Philadelphia,Pennsylvania,19134,East,Chuck Magee,OFF-SU-10002881,Office Supplies,Supplies,Martin Yale Chadless Opener Electric Letter Opener,Not,666.25,1,0.20,-149.91,39.9527237,-75.1635262
531,US-2015-138303,3/9/2015,7/9/2015,Standard Class,MG-18145,Mike Gockenbach,Consumer,United States,Philadelphia,Pennsylvania,19134,East,Chuck Magee,OFF-EN-10001335,Office Supplies,Envelopes,"White Business Envelopes with Contemporary Seam, Recycled White Business Envelopes",Not,52.51,6,0.20,19.69,39.9527237,-75.1635262
532,CA-2015-102848,7/11/2015,9/11/2015,Second Class,KB-16240,Karen Bern,Corporate,United States,Los Angeles,California,90036,West,Anna Andreadi,FUR-CH-10000595,Furniture,Chairs,Safco Contoured Stacking Chairs,Not,190.72,1,0.20,11.92,34.0536909,-118.242766
533,US-2017-129441,7/9/2017,11/9/2017,Standard Class,JC-15340,Jasper Cacioppo,Consumer,United States,Los Angeles,California,90032,West,Anna Andreadi,FUR-FU-10000448,Furniture,Furnishings,Tenex Chairmats For Use With Carpeted Floors,Not,47.94,3,0.00,2.40,34.0536909,-118.242766
534,CA-2016-168753,5/29/2016,5/29/2016,Second Class,RL-19615,Rob Lucas,Consumer,United States,Montgomery,Alabama,36116,South,Cassandra Brandow,TEC-PH-10000984,Technology,Phones,Panasonic KX-TG9471B,Not,979.95,5,0.00,274.39,32.3669656,-86.3006485
535,CA-2016-168753,5/29/2016,5/29/2016,Second Class,RL-19615,Rob Lucas,Consumer,United States,Montgomery,Alabama,36116,South,Cassandra Brandow,OFF-BI-10002557,Office Supplies,Binders,Presstex Flexible Ring Binders,Not,22.75,5,0.00,11.38,32.3669656,-86.3006485
536,CA-2016-126613,10/7/2016,10/7/2016,Standard Class,AA-10375,Allen Armold,Consumer,United States,Mesa,Arizona,85204,West,Anna Andreadi,OFF-ST-10001325,Office Supplies,Storage,Sterilite Officeware Hinged File Box,Not,16.77,2,0.20,1.47,33.4151005,-111.831455
537,US-2017-122637,3/9/2017,8/9/2017,Second Class,EP-13915,Emily Phan,Consumer,United States,Chicago,Illinois,60653,Central,Kelly Williams,OFF-BI-10002429,Office Supplies,Binders,"Premier Elliptical Ring Binder, Black",Not,42.62,7,0.80,-68.19,41.8755616,-87.6244212
538,CA-2015-147851,3/12/2015,8/12/2015,Standard Class,MP-17470,Mark Packer,Home Office,United States,New York City,New York,10009,East,Chuck Magee,OFF-BI-10004528,Office Supplies,Binders,Cardinal Poly Pocket Divider Pockets for Ring Binders,Not,10.75,4,0.20,3.36,40.7127281,-74.0060152
539,CA-2015-134894,7/12/2015,11/12/2015,Standard Class,DK-12985,Darren Koutras,Consumer,United States,Henderson,Kentucky,42420,South,Cassandra Brandow,OFF-AP-10001271,Office Supplies,Appliances,Eureka The Boss Cordless Rechargeable Stick Vac,Not,152.94,3,0.00,41.29,37.8367513,-87.5907631
540,CA-2015-134894,7/12/2015,11/12/2015,Standard Class,DK-12985,Darren Koutras,Consumer,United States,Henderson,Kentucky,42420,South,Cassandra Brandow,FUR-CH-10002647,Furniture,Chairs,"Situations Contoured Folding Chairs, 4/Set",Not,283.92,4,0.00,70.98,37.8367513,-87.5907631
541,CA-2014-140795,1/2/2014,3/2/2014,First Class,BD-11500,Bradley Drucker,Consumer,United States,Green Bay,Wisconsin,54302,Central,Kelly Williams,TEC-AC-10001432,Technology,Accessories,Enermax Aurora Lite Keyboard,Not,468.90,6,0.00,206.32,44.5126379,-88.0125794
542,CA-2016-136924,7/14/2016,7/17/2016,First Class,ES-14080,Erin Smith,Corporate,United States,Tucson,Arizona,85705,West,Anna Andreadi,TEC-PH-10002262,Technology,Phones,LG Electronics Tone+ HBS-730 Bluetooth Headset,Yes,380.86,8,0.20,38.09,32.2228765,-110.974847
543,US-2015-120161,12/18/2015,12/23/2015,Standard Class,LM-17065,Liz MacKendrick,Consumer,United States,Springfield,Ohio,45503,East,Chuck Magee,OFF-ST-10001809,Office Supplies,Storage,Fellowes Officeware Wire Shelving,Not,646.78,9,0.20,-145.52,39.9234046,-83.810138
544,CA-2014-103849,11/5/2014,11/5/2014,Standard Class,PG-18895,Paul Gonzalez,Consumer,United States,Fort Worth,Texas,76106,Central,Kelly Williams,TEC-AC-10001465,Technology,Accessories,SanDisk Cruzer 64 GB USB Flash Drive,Not,58.11,2,0.20,7.26,32.753177,-97.3327459
545,CA-2014-103849,11/5/2014,11/5/2014,Standard Class,PG-18895,Paul Gonzalez,Consumer,United States,Fort Worth,Texas,76106,Central,Kelly Williams,TEC-PH-10002597,Technology,Phones,Xblue XB-1670-86 X16 Small Office Telephone - Titanium,Not,100.79,1,0.20,6.30,32.753177,-97.3327459
546,CA-2014-103849,11/5/2014,11/5/2014,Standard Class,PG-18895,Paul Gonzalez,Consumer,United States,Fort Worth,Texas,76106,Central,Kelly Williams,FUR-FU-10000723,Furniture,Furnishings,"Deflect-o EconoMat Studded, No Bevel Mat for Low Pile Carpeting",Not,66.11,4,0.60,-84.29,32.753177,-97.3327459
547,CA-2017-162929,11/19/2017,11/22/2017,First Class,AS-10135,Adrian Shami,Home Office,United States,New York City,New York,10035,East,Chuck Magee,OFF-BI-10000404,Office Supplies,Binders,Avery Printable Repositionable Plastic Tabs,Not,41.28,6,0.20,13.93,40.7127281,-74.0060152
548,CA-2017-162929,11/19/2017,11/22/2017,First Class,AS-10135,Adrian Shami,Home Office,United States,New York City,New York,10035,East,Chuck Magee,OFF-PA-10002986,Office Supplies,Paper,Xerox 1898,Not,13.36,2,0.00,6.41,40.7127281,-74.0060152
549,CA-2015-113173,11/15/2015,11/17/2015,Second Class,DK-13225,Dean Katz,Corporate,United States,Chicago,Illinois,60653,Central,Kelly Williams,OFF-ST-10000604,Office Supplies,Storage,Home/Office Personal File Carts,Not,250.27,9,0.20,15.64,41.8755616,-87.6244212
550,CA-2015-113173,11/15/2015,11/17/2015,Second Class,DK-13225,Dean Katz,Corporate,United States,Chicago,Illinois,60653,Central,Kelly Williams,OFF-BI-10004738,Office Supplies,Binders,Flexible Leather- Look Classic Collection Ring Binder,Not,11.36,3,0.80,-17.05,41.8755616,-87.6244212
551,CA-2015-113173,11/15/2015,11/17/2015,Second Class,DK-13225,Dean Katz,Corporate,United States,Chicago,Illinois,60653,Central,Kelly Williams,OFF-SU-10001935,Office Supplies,Supplies,Staple remover,Not,8.72,5,0.20,-1.74,41.8755616,-87.6244212
552,CA-2016-136406,4/15/2016,4/17/2016,Second Class,BD-11320,Bill Donatelli,Consumer,United States,San Francisco,California,94110,West,Anna Andreadi,FUR-CH-10002024,Furniture,Chairs,HON 5400 Series Task Chairs for Big and Tall,Not,1121.57,2,0.20,0.00,37.7792588,-122.4193286
553,CA-2017-112774,11/9/2017,12/9/2017,First Class,RC-19960,Ryan Crowe,Consumer,United States,Jacksonville,Florida,32216,South,Cassandra Brandow,FUR-FU-10003039,Furniture,Furnishings,"Howard Miller 11-1/2"" Diameter Grantwood Wall Clock",Not,34.50,1,0.20,6.04,30.3321838,-81.655651
554,CA-2017-101945,11/24/2017,11/28/2017,Standard Class,GT-14710,Greg Tran,Consumer,United States,Houston,Texas,77070,Central,Kelly Williams,OFF-FA-10004248,Office Supplies,Fasteners,Advantus T-Pin Paper Clips,Not,10.82,3,0.20,2.57,29.7589382,-95.3676974
555,CA-2017-100650,6/29/2017,6/29/2017,Second Class,DK-13225,Dean Katz,Corporate,United States,Anaheim,California,92804,West,Anna Andreadi,OFF-ST-10001780,Office Supplies,Storage,Tennsco 16-Compartment Lockers with Coat Rack,Not,1295.78,2,0.00,310.99,33.8347516,-117.911732
556,CA-2014-155852,3/3/2014,7/3/2014,Second Class,AJ-10945,Ashley Jarboe,Consumer,United States,Wilmington,North Carolina,28403,South,Cassandra Brandow,OFF-AR-10003560,Office Supplies,Art,Zebra Zazzle Fluorescent Highlighters,Not,19.46,4,0.20,3.40,34.2257282,-77.9447107
557,CA-2016-113243,10/6/2016,10/6/2016,Standard Class,OT-18730,Olvera Toch,Consumer,United States,Los Angeles,California,90045,West,Anna Andreadi,OFF-LA-10001297,Office Supplies,Labels,Avery 473,Not,20.70,2,0.00,9.94,34.0536909,-118.242766
558,CA-2016-113243,10/6/2016,10/6/2016,Standard Class,OT-18730,Olvera Toch,Consumer,United States,Los Angeles,California,90045,West,Anna Andreadi,FUR-TA-10004256,Furniture,Tables,Bretford “Just In Time” Height-Adjustable Multi-Task Work Tables,Not,1335.68,4,0.20,-217.05,34.0536909,-118.242766
559,CA-2016-113243,10/6/2016,10/6/2016,Standard Class,OT-18730,Olvera Toch,Consumer,United States,Los Angeles,California,90045,West,Anna Andreadi,OFF-PA-10003441,Office Supplies,Paper,Xerox 226,Not,32.40,5,0.00,15.55,34.0536909,-118.242766
560,CA-2017-118731,11/20/2017,11/22/2017,Second Class,LP-17080,Liz Pelletier,Consumer,United States,San Francisco,California,94110,West,Anna Andreadi,FUR-FU-10003347,Furniture,Furnishings,Coloredge Poster Frame,Not,42.60,3,0.00,16.61,37.7792588,-122.4193286
561,CA-2017-118731,11/20/2017,11/22/2017,Second Class,LP-17080,Liz Pelletier,Consumer,United States,San Francisco,California,94110,West,Anna Andreadi,OFF-BI-10000069,Office Supplies,Binders,"GBC Prepunched Paper, 19-Hole, for Binding Systems, 24-lb",Not,84.06,7,0.20,27.32,37.7792588,-122.4193286
562,CA-2014-145576,9/14/2014,9/18/2014,Second Class,CA-12775,Cynthia Arntzen,Consumer,United States,Tampa,Florida,33614,South,Cassandra Brandow,OFF-AP-10003914,Office Supplies,Appliances,"Sanitaire Vibra Groomer IR Commercial Upright Vacuum, Replacement Belts",Not,13.00,5,0.20,1.30,27.9477595,-82.458444
563,CA-2014-145576,9/14/2014,9/18/2014,Second Class,CA-12775,Cynthia Arntzen,Consumer,United States,Tampa,Florida,33614,South,Cassandra Brandow,FUR-FU-10004020,Furniture,Furnishings,Advantus Panel Wall Acrylic Frame,Not,13.13,3,0.20,3.77,27.9477595,-82.458444
564,CA-2015-130736,7/12/2015,9/12/2015,First Class,JF-15490,Jeremy Farry,Consumer,United States,Seattle,Washington,98105,West,Anna Andreadi,OFF-FA-10003467,Office Supplies,Fasteners,"Alliance Big Bands Rubber Bands, 12/Pack",Not,3.96,2,0.00,0.00,47.6038321,-122.330062
565,CA-2015-130736,7/12/2015,9/12/2015,First Class,JF-15490,Jeremy Farry,Consumer,United States,Seattle,Washington,98105,West,Anna Andreadi,OFF-LA-10000634,Office Supplies,Labels,Avery 509,Not,2.61,1,0.00,1.20,47.6038321,-122.330062
566,CA-2017-137099,7/12/2017,10/12/2017,First Class,FP-14320,Frank Preis,Consumer,United States,Los Angeles,California,90008,West,Anna Andreadi,TEC-PH-10002496,Technology,Phones,Cisco SPA301,Yes,374.38,3,0.20,46.80,34.0536909,-118.242766
567,CA-2017-156951,1/10/2017,8/10/2017,Standard Class,EB-13840,Ellis Ballard,Corporate,United States,Seattle,Washington,98105,West,Anna Andreadi,OFF-PA-10004530,Office Supplies,Paper,Personal Creations Ink Jet Cards and Labels,Not,91.84,8,0.00,45.00,47.6038321,-122.330062
568,CA-2017-156951,1/10/2017,8/10/2017,Standard Class,EB-13840,Ellis Ballard,Corporate,United States,Seattle,Washington,98105,West,Anna Andreadi,OFF-BI-10001107,Office Supplies,Binders,"GBC White Gloss Covers, Plain Front",Not,81.09,7,0.20,27.37,47.6038321,-122.330062
569,CA-2017-156951,1/10/2017,8/10/2017,Standard Class,EB-13840,Ellis Ballard,Corporate,United States,Seattle,Washington,98105,West,Anna Andreadi,OFF-PA-10004451,Office Supplies,Paper,Xerox 222,Not,19.44,3,0.00,9.33,47.6038321,-122.330062
570,CA-2017-156951,1/10/2017,8/10/2017,Standard Class,EB-13840,Ellis Ballard,Corporate,United States,Seattle,Washington,98105,West,Anna Andreadi,FUR-CH-10004997,Furniture,Chairs,Hon Every-Day Series Multi-Task Chairs,Not,451.15,3,0.20,0.00,47.6038321,-122.330062
571,CA-2017-164826,12/28/2017,4/1/2018,Standard Class,JF-15415,Jennifer Ferguson,Consumer,United States,New York City,New York,10024,East,Chuck Magee,OFF-LA-10001297,Office Supplies,Labels,Avery 473,Not,72.45,7,0.00,34.78,40.7127281,-74.0060152
572,CA-2017-164826,12/28/2017,4/1/2018,Standard Class,JF-15415,Jennifer Ferguson,Consumer,United States,New York City,New York,10024,East,Chuck Magee,OFF-FA-10000585,Office Supplies,Fasteners,OIC Bulk Pack Metal Binder Clips,Not,13.96,4,0.00,6.42,40.7127281,-74.0060152
573,CA-2017-164826,12/28/2017,4/1/2018,Standard Class,JF-15415,Jennifer Ferguson,Consumer,United States,New York City,New York,10024,East,Chuck Magee,OFF-BI-10001922,Office Supplies,Binders,Storex Dura Pro Binders,Not,33.26,7,0.20,11.23,40.7127281,-74.0060152
574,CA-2017-164826,12/28/2017,4/1/2018,Standard Class,JF-15415,Jennifer Ferguson,Consumer,United States,New York City,New York,10024,East,Chuck Magee,TEC-PH-10000347,Technology,Phones,Cush Cases Heavy Duty Rugged Cover Case for Samsung Galaxy S5 - Purple,Not,14.85,3,0.00,4.01,40.7127281,-74.0060152
575,CA-2016-127250,3/11/2016,7/11/2016,Standard Class,SF-20200,Sarah Foster,Consumer,United States,Marysville,Washington,98270,West,Anna Andreadi,OFF-AR-10003394,Office Supplies,Art,Newell 332,Not,8.82,3,0.00,2.38,48.0517429,-122.1768209
576,CA-2015-149713,9/18/2015,9/22/2015,Second Class,TG-21640,Trudy Glocke,Consumer,United States,Long Beach,California,90805,West,Anna Andreadi,OFF-PA-10004530,Office Supplies,Paper,Personal Creations Ink Jet Cards and Labels,Not,160.72,14,0.00,78.75,33.7690164,-118.191604
577,CA-2015-149713,9/18/2015,9/22/2015,Second Class,TG-21640,Trudy Glocke,Consumer,United States,Long Beach,California,90805,West,Anna Andreadi,OFF-PA-10001450,Office Supplies,Paper,Rediform S.O.S. Phone Message Books,Not,19.92,4,0.00,9.76,33.7690164,-118.191604
578,CA-2015-149713,9/18/2015,9/22/2015,Second Class,TG-21640,Trudy Glocke,Consumer,United States,Long Beach,California,90805,West,Anna Andreadi,OFF-SU-10001574,Office Supplies,Supplies,Acme Value Line Scissors,Not,7.30,2,0.00,2.19,33.7690164,-118.191604
579,CA-2017-118640,7/20/2017,7/26/2017,Standard Class,CS-11950,Carlos Soltero,Consumer,United States,Chicago,Illinois,60610,Central,Kelly Williams,OFF-ST-10002974,Office Supplies,Storage,"Trav-L-File Heavy-Duty Shuttle II, Black",Not,69.71,2,0.20,8.71,41.8755616,-87.6244212
580,CA-2017-118640,7/20/2017,7/26/2017,Standard Class,CS-11950,Carlos Soltero,Consumer,United States,Chicago,Illinois,60610,Central,Kelly Williams,FUR-FU-10001475,Furniture,Furnishings,"Contract Clock, 14"", Brown",Not,8.79,1,0.60,-5.71,41.8755616,-87.6244212
581,CA-2015-132906,10/9/2015,10/9/2015,Standard Class,CC-12145,Charles Crestani,Consumer,United States,Los Angeles,California,90004,West,Anna Andreadi,OFF-SU-10004498,Office Supplies,Supplies,Martin-Yale Premier Letter Opener,Not,51.52,4,0.00,1.55,34.0536909,-118.242766
582,CA-2017-145233,1/12/2017,5/12/2017,Standard Class,DV-13465,Dianna Vittorini,Consumer,United States,Denver,Colorado,80219,West,Anna Andreadi,TEC-PH-10004977,Technology,Phones,GE 30524EE4,Not,470.38,3,0.20,52.92,39.7392364,-104.984862
583,CA-2017-145233,1/12/2017,5/12/2017,Standard Class,DV-13465,Dianna Vittorini,Consumer,United States,Denver,Colorado,80219,West,Anna Andreadi,TEC-PH-10000586,Technology,Phones,AT&T SB67148 SynJ,Not,105.58,2,0.20,9.24,39.7392364,-104.984862
584,CA-2017-145233,1/12/2017,5/12/2017,Standard Class,DV-13465,Dianna Vittorini,Consumer,United States,Denver,Colorado,80219,West,Anna Andreadi,OFF-AP-10000358,Office Supplies,Appliances,Fellowes Basic Home/Office Series Surge Protectors,Not,31.15,3,0.20,3.50,39.7392364,-104.984862
585,CA-2017-145233,1/12/2017,5/12/2017,Standard Class,DV-13465,Dianna Vittorini,Consumer,United States,Denver,Colorado,80219,West,Anna Andreadi,OFF-BI-10002764,Office Supplies,Binders,Recycled Pressboard Report Cover with Reinforced Top Hinge,Not,6.78,7,0.70,-4.75,39.7392364,-104.984862
586,CA-2017-145233,1/12/2017,5/12/2017,Standard Class,DV-13465,Dianna Vittorini,Consumer,United States,Denver,Colorado,80219,West,Anna Andreadi,TEC-PH-10001254,Technology,Phones,Jabra BIZ 2300 Duo QD Duo Corded Headset,Not,406.37,4,0.20,30.48,39.7392364,-104.984862
587,CA-2015-128139,3/7/2015,9/7/2015,Standard Class,BD-11725,Bruce Degenhardt,Consumer,United States,Richmond,Kentucky,40475,South,Cassandra Brandow,FUR-CH-10003956,Furniture,Chairs,Novimex High-Tech Fabric Mesh Task Chair,Not,70.98,1,0.00,4.97,37.7478572,-84.2946539
588,CA-2015-128139,3/7/2015,9/7/2015,Standard Class,BD-11725,Bruce Degenhardt,Consumer,United States,Richmond,Kentucky,40475,South,Cassandra Brandow,OFF-LA-10003930,Office Supplies,Labels,"Dot Matrix Printer Tape Reel Labels, White, 5000/Box",Not,294.93,3,0.00,144.52,37.7478572,-84.2946539
589,US-2016-156986,3/20/2016,3/24/2016,Standard Class,ZC-21910,Zuschuss Carroll,Consumer,United States,Salem,Oregon,97301,West,Anna Andreadi,TEC-PH-10003800,Technology,Phones,i.Sound Portable Power - 8000 mAh,Yes,84.78,2,0.20,-20.14,44.9391565,-123.033121
590,US-2016-156986,3/20/2016,3/24/2016,Standard Class,ZC-21910,Zuschuss Carroll,Consumer,United States,Salem,Oregon,97301,West,Anna Andreadi,OFF-PA-10002005,Office Supplies,Paper,Xerox 225,Yes,20.74,4,0.20,7.26,44.9391565,-123.033121
591,US-2016-156986,3/20/2016,3/24/2016,Standard Class,ZC-21910,Zuschuss Carroll,Consumer,United States,Salem,Oregon,97301,West,Anna Andreadi,OFF-BI-10002498,Office Supplies,Binders,Clear Mylar Reinforcing Strips,Yes,16.82,3,0.70,-12.90,44.9391565,-123.033121
592,US-2016-156986,3/20/2016,3/24/2016,Standard Class,ZC-21910,Zuschuss Carroll,Consumer,United States,Salem,Oregon,97301,West,Anna Andreadi,OFF-PA-10004101,Office Supplies,Paper,Xerox 1894,Yes,10.37,2,0.20,3.63,44.9391565,-123.033121
593,CA-2014-135405,9/1/2014,9/1/2014,Standard Class,MS-17830,Melanie Seite,Consumer,United States,Laredo,Texas,78041,Central,Kelly Williams,OFF-AR-10004078,Office Supplies,Art,Newell 312,Not,9.34,2,0.20,1.17,27.5075005,-99.5069922
594,CA-2014-135405,9/1/2014,9/1/2014,Standard Class,MS-17830,Melanie Seite,Consumer,United States,Laredo,Texas,78041,Central,Kelly Williams,TEC-AC-10001266,Technology,Accessories,Memorex Micro Travel Drive 8 GB,Not,31.20,3,0.20,9.75,27.5075005,-99.5069922
595,CA-2014-131450,8/8/2014,8/15/2014,Standard Class,LR-16915,Lena Radford,Consumer,United States,San Diego,California,92024,West,Anna Andreadi,OFF-AP-10004708,Office Supplies,Appliances,Fellowes Superior 10 Outlet Split Surge Protector,Not,76.12,2,0.00,22.07,32.7174202,-117.162772
596,CA-2014-131450,8/8/2014,8/15/2014,Standard Class,LR-16915,Lena Radford,Consumer,United States,San Diego,California,92024,West,Anna Andreadi,TEC-CO-10004115,Technology,Copiers,Sharp AL-1530CS Digital Copier,Not,1199.98,3,0.20,434.99,32.7174202,-117.162772
597,CA-2014-131450,8/8/2014,8/15/2014,Standard Class,LR-16915,Lena Radford,Consumer,United States,San Diego,California,92024,West,Anna Andreadi,TEC-PH-10002398,Technology,Phones,AT&T 1070 Corded Phone,Not,445.96,5,0.20,55.74,32.7174202,-117.162772
598,CA-2014-131450,8/8/2014,8/15/2014,Standard Class,LR-16915,Lena Radford,Consumer,United States,San Diego,California,92024,West,Anna Andreadi,FUR-FU-10001979,Furniture,Furnishings,Dana Halogen Swing-Arm Architect Lamp,Not,327.76,8,0.00,91.77,32.7174202,-117.162772
599,CA-2016-120180,7/14/2016,7/16/2016,First Class,TP-21130,Theone Pippenger,Consumer,United States,Philadelphia,Pennsylvania,19134,East,Chuck Magee,OFF-SU-10004115,Office Supplies,Supplies,Acme Stainless Steel Office Snips,Not,11.63,2,0.20,1.02,39.9527237,-75.1635262
600,US-2016-100720,7/16/2016,7/21/2016,Standard Class,CK-12205,Chloris Kastensmidt,Consumer,United States,Philadelphia,Pennsylvania,19120,East,Chuck Magee,TEC-PH-10001425,Technology,Phones,Mophie Juice Pack Helium for iPhone,Not,143.98,3,0.40,-28.80,39.9527237,-75.1635262
601,US-2016-100720,7/16/2016,7/21/2016,Standard Class,CK-12205,Chloris Kastensmidt,Consumer,United States,Philadelphia,Pennsylvania,19120,East,Chuck Magee,TEC-PH-10003963,Technology,Phones,GE 2-Jack Phone Line Splitter,Not,494.38,4,0.40,-115.35,39.9527237,-75.1635262
602,US-2016-100720,7/16/2016,7/21/2016,Standard Class,CK-12205,Chloris Kastensmidt,Consumer,United States,Philadelphia,Pennsylvania,19120,East,Chuck Magee,OFF-SU-10001574,Office Supplies,Supplies,Acme Value Line Scissors,Not,5.84,2,0.20,0.73,39.9527237,-75.1635262
603,CA-2014-149958,3/15/2014,3/19/2014,Standard Class,AS-10240,Alan Shonely,Consumer,United States,Tampa,Florida,33614,South,Cassandra Brandow,OFF-ST-10001490,Office Supplies,Storage,"Hot File 7-Pocket, Floor Stand",Not,142.78,1,0.20,17.85,27.9477595,-82.458444
604,CA-2014-149958,3/15/2014,3/19/2014,Standard Class,AS-10240,Alan Shonely,Consumer,United States,Tampa,Florida,33614,South,Cassandra Brandow,FUR-FU-10001756,Furniture,Furnishings,"Eldon Expressions Desk Accessory, Wood Photo Frame, Mahogany",Not,45.70,3,0.20,5.14,27.9477595,-82.458444
605,CA-2014-149958,3/15/2014,3/19/2014,Standard Class,AS-10240,Alan Shonely,Consumer,United States,Tampa,Florida,33614,South,Cassandra Brandow,OFF-BI-10000773,Office Supplies,Binders,Insertable Tab Post Binder Dividers,Not,7.22,3,0.70,-5.53,27.9477595,-82.458444
606,CA-2014-149958,3/15/2014,3/19/2014,Standard Class,AS-10240,Alan Shonely,Consumer,United States,Tampa,Florida,33614,South,Cassandra Brandow,OFF-BI-10001543,Office Supplies,Binders,GBC VeloBinder Manual Binding System,Not,43.19,4,0.70,-31.67,27.9477595,-82.458444
607,CA-2014-149958,3/15/2014,3/19/2014,Standard Class,AS-10240,Alan Shonely,Consumer,United States,Tampa,Florida,33614,South,Cassandra Brandow,OFF-PA-10002120,Office Supplies,Paper,Xerox 1889,Not,131.90,3,0.20,47.82,27.9477595,-82.458444
608,US-2014-105767,5/23/2014,5/27/2014,Standard Class,AR-10510,Andrew Roberts,Consumer,United States,Philadelphia,Pennsylvania,19134,East,Chuck Magee,OFF-BI-10000848,Office Supplies,Binders,Angle-D Ring Binders,Not,3.28,2,0.70,-2.63,39.9527237,-75.1635262
609,US-2014-105767,5/23/2014,5/27/2014,Standard Class,AR-10510,Andrew Roberts,Consumer,United States,Philadelphia,Pennsylvania,19134,East,Chuck Magee,OFF-AR-10001246,Office Supplies,Art,Newell 317,Not,21.17,9,0.20,2.38,39.9527237,-75.1635262
610,US-2014-105767,5/23/2014,5/27/2014,Standard Class,AR-10510,Andrew Roberts,Consumer,United States,Philadelphia,Pennsylvania,19134,East,Chuck Magee,TEC-PH-10003092,Technology,Phones,Motorola L804,Not,55.19,2,0.40,-10.12,39.9527237,-75.1635262
611,CA-2016-161816,4/28/2016,4/28/2016,First Class,NB-18655,Nona Balk,Corporate,United States,Dallas,Texas,75217,Central,Kelly Williams,TEC-PH-10003012,Technology,Phones,Nortel Meridian M3904 Professional Digital phone,Not,369.58,3,0.20,41.58,32.7762719,-96.7968559
612,CA-2016-161816,4/28/2016,4/28/2016,First Class,NB-18655,Nona Balk,Corporate,United States,Dallas,Texas,75217,Central,Kelly Williams,OFF-LA-10004345,Office Supplies,Labels,Avery 493,Not,15.71,4,0.20,5.70,32.7762719,-96.7968559
613,CA-2016-121223,11/9/2016,11/9/2016,Second Class,GD-14590,Giulietta Dortch,Corporate,United States,Philadelphia,Pennsylvania,19143,East,Chuck Magee,OFF-PA-10001204,Office Supplies,Paper,Xerox 1972,Not,8.45,2,0.20,2.64,39.9527237,-75.1635262
614,CA-2016-121223,11/9/2016,11/9/2016,Second Class,GD-14590,Giulietta Dortch,Corporate,United States,Philadelphia,Pennsylvania,19143,East,Chuck Magee,TEC-PH-10004667,Technology,Phones,Cisco 8x8 Inc. 6753i IP Business Phone System,Not,728.95,9,0.40,-157.94,39.9527237,-75.1635262
615,CA-2017-138611,11/14/2017,11/17/2017,Second Class,CK-12595,Clytie Kelty,Consumer,United States,Grove City,Ohio,43123,East,Chuck Magee,TEC-PH-10000011,Technology,Phones,PureGear Roll-On Screen Protector,Not,119.94,10,0.40,15.99,39.8814519,-83.0929645
616,CA-2017-138611,11/14/2017,11/17/2017,Second Class,CK-12595,Clytie Kelty,Consumer,United States,Grove City,Ohio,43123,East,Chuck Magee,OFF-BI-10002949,Office Supplies,Binders,Prestige Round Ring Binders,Not,3.65,2,0.70,-2.80,39.8814519,-83.0929645
617,CA-2017-117947,8/18/2017,8/23/2017,Second Class,NG-18355,Nat Gilpin,Corporate,United States,New York City,New York,10011,East,Chuck Magee,FUR-FU-10003849,Furniture,Furnishings,"DAX Metal Frame, Desktop, Stepped-Edge",Not,40.48,2,0.00,15.79,40.7127281,-74.0060152
618,CA-2017-117947,8/18/2017,8/23/2017,Second Class,NG-18355,Nat Gilpin,Corporate,United States,New York City,New York,10011,East,Chuck Magee,FUR-FU-10000010,Furniture,Furnishings,"DAX Value U-Channel Document Frames, Easel Back",Not,9.94,2,0.00,3.08,40.7127281,-74.0060152
619,CA-2017-117947,8/18/2017,8/23/2017,Second Class,NG-18355,Nat Gilpin,Corporate,United States,New York City,New York,10011,East,Chuck Magee,OFF-BI-10002824,Office Supplies,Binders,Recycled Easel Ring Binders,Not,107.42,9,0.20,33.57,40.7127281,-74.0060152
620,CA-2017-117947,8/18/2017,8/23/2017,Second Class,NG-18355,Nat Gilpin,Corporate,United States,New York City,New York,10011,East,Chuck Magee,TEC-PH-10002538,Technology,Phones,Grandstream GXP1160 VoIP phone,Not,37.91,1,0.00,10.99,40.7127281,-74.0060152
621,CA-2017-117947,8/18/2017,8/23/2017,Second Class,NG-18355,Nat Gilpin,Corporate,United States,New York City,New York,10011,East,Chuck Magee,FUR-FU-10000521,Furniture,Furnishings,"Seth Thomas 14"" Putty-Colored Wall Clock",Not,88.02,3,0.00,27.29,40.7127281,-74.0060152
622,US-2014-111171,12/26/2014,12/31/2014,Standard Class,CA-12265,Christina Anderson,Consumer,United States,Chicago,Illinois,60610,Central,Kelly Williams,OFF-BI-10002103,Office Supplies,Binders,"Cardinal Slant-D Ring Binder, Heavy Gauge Vinyl",Not,8.69,5,0.80,-14.77,41.8755616,-87.6244212
623,CA-2015-138009,11/29/2015,11/29/2015,Standard Class,SF-20965,Sylvia Foulston,Corporate,United States,Dearborn,Michigan,48126,Central,Kelly Williams,FUR-CH-10004853,Furniture,Chairs,"Global Manager's Adjustable Task Chair, Storm",Not,301.96,2,0.00,87.57,42.3222599,-83.1763145
624,CA-2015-138009,11/29/2015,11/29/2015,Standard Class,SF-20965,Sylvia Foulston,Corporate,United States,Dearborn,Michigan,48126,Central,Kelly Williams,OFF-AP-10000179,Office Supplies,Appliances,Honeywell Enviracaire Portable HEPA Air Cleaner for up to 10 x 16 Room,Not,555.21,5,0.10,178.90,42.3222599,-83.1763145
625,CA-2015-138009,11/29/2015,11/29/2015,Standard Class,SF-20965,Sylvia Foulston,Corporate,United States,Dearborn,Michigan,48126,Central,Kelly Williams,OFF-ST-10001272,Office Supplies,Storage,"Mini 13-1/2 Capacity Data Binder Rack, Pearl",Not,523.48,4,0.00,130.87,42.3222599,-83.1763145
626,CA-2015-138009,11/29/2015,11/29/2015,Standard Class,SF-20965,Sylvia Foulston,Corporate,United States,Dearborn,Michigan,48126,Central,Kelly Williams,OFF-AR-10004042,Office Supplies,Art,"BOSTON Model 1800 Electric Pencil Sharpeners, Putty/Woodgrain",Not,161.82,9,0.00,46.93,42.3222599,-83.1763145
627,CA-2017-163020,9/15/2017,9/19/2017,Standard Class,MO-17800,Meg O'Connel,Home Office,United States,New York City,New York,10009,East,Chuck Magee,FUR-FU-10000221,Furniture,Furnishings,"Master Caster Door Stop, Brown",Not,35.56,7,0.00,12.09,40.7127281,-74.0060152
628,CA-2017-153787,5/19/2017,5/23/2017,Standard Class,AT-10735,Annie Thurman,Consumer,United States,Seattle,Washington,98115,West,Anna Andreadi,OFF-AP-10001563,Office Supplies,Appliances,Belkin Premiere Surge Master II 8-outlet surge protector,Not,97.16,2,0.00,28.18,47.6038321,-122.330062
629,CA-2017-133431,12/17/2017,12/21/2017,Standard Class,LC-17140,Logan Currie,Consumer,United States,San Francisco,California,94122,West,Anna Andreadi,OFF-BI-10000605,Office Supplies,Binders,"Acco Pressboard Covers with Storage Hooks, 9 1/2"" x 11"", Executive Red",Not,15.24,5,0.20,5.14,37.7792588,-122.4193286
630,CA-2017-133431,12/17/2017,12/21/2017,Standard Class,LC-17140,Logan Currie,Consumer,United States,San Francisco,California,94122,West,Anna Andreadi,OFF-PA-10002615,Office Supplies,Paper,"Ampad Gold Fibre Wirebound Steno Books, 6"" x 9"", Gregg Ruled",Not,13.23,3,0.00,6.09,37.7792588,-122.4193286
631,US-2016-135720,11/12/2016,12/13/2016,Second Class,FM-14380,Fred McMath,Consumer,United States,Aurora,Colorado,80013,West,Anna Andreadi,OFF-ST-10001963,Office Supplies,Storage,Tennsco Regal Shelving Units,Yes,243.38,3,0.20,-51.72,39.7405111,-104.830994
632,US-2016-135720,11/12/2016,12/13/2016,Second Class,FM-14380,Fred McMath,Consumer,United States,Aurora,Colorado,80013,West,Anna Andreadi,TEC-AC-10001267,Technology,Accessories,Imation 32GB Pocket Pro USB 3.0 Flash Drive - 32 GB - Black - 1 P ...,Yes,119.80,5,0.20,29.95,39.7405111,-104.830994
633,US-2016-135720,11/12/2016,12/13/2016,Second Class,FM-14380,Fred McMath,Consumer,United States,Aurora,Colorado,80013,West,Anna Andreadi,TEC-PH-10002103,Technology,Phones,Jabra SPEAK 410,Yes,300.77,4,0.20,30.08,39.7405111,-104.830994
634,CA-2017-144694,9/24/2017,9/26/2017,Second Class,BD-11605,Brian Dahlen,Consumer,United States,Miami,Florida,33180,South,Cassandra Brandow,TEC-AC-10002857,Technology,Accessories,"Verbatim 25 GB 6x Blu-ray Single Layer Recordable Disc, 1/Pack",Not,17.88,3,0.20,2.46,25.7741728,-80.19362
635,CA-2017-144694,9/24/2017,9/26/2017,Second Class,BD-11605,Brian Dahlen,Consumer,United States,Miami,Florida,33180,South,Cassandra Brandow,OFF-LA-10003930,Office Supplies,Labels,"Dot Matrix Printer Tape Reel Labels, White, 5000/Box",Not,235.94,3,0.20,85.53,25.7741728,-80.19362
636,CA-2015-168004,4/10/2015,9/10/2015,Second Class,DJ-13420,Denny Joy,Corporate,United States,Warner Robins,Georgia,31088,South,Cassandra Brandow,FUR-CH-10001482,Furniture,Chairs,Office Star - Mesh Screen back chair with Vinyl seat,Not,392.94,3,0.00,43.22,32.6200973,-83.606568
637,US-2016-123470,8/15/2016,8/21/2016,Standard Class,ME-17725,Max Engle,Consumer,United States,Aurora,Colorado,80013,West,Anna Andreadi,OFF-BI-10001989,Office Supplies,Binders,Premium Transparent Presentation Covers by GBC,Not,18.88,3,0.70,-13.85,39.7405111,-104.830994
638,US-2016-123470,8/15/2016,8/21/2016,Standard Class,ME-17725,Max Engle,Consumer,United States,Aurora,Colorado,80013,West,Anna Andreadi,OFF-AP-10003287,Office Supplies,Appliances,Tripp Lite TLP810NET Broadband Surge for Modem/Fax,Not,122.33,3,0.20,12.23,39.7405111,-104.830994
639,CA-2016-115917,5/20/2016,5/25/2016,Standard Class,RB-19465,Rick Bensley,Home Office,United States,Vallejo,California,94591,West,Anna Andreadi,FUR-FU-10000576,Furniture,Furnishings,Luxo Professional Fluorescent Magnifier Lamp with Clamp-Mount Base,Yes,1049.20,5,0.00,272.79,38.1040864,-122.2566367
640,CA-2016-115917,5/20/2016,5/25/2016,Standard Class,RB-19465,Rick Bensley,Home Office,United States,Vallejo,California,94591,West,Anna Andreadi,OFF-BI-10004728,Office Supplies,Binders,Wilson Jones Turn Tabs Binder Tool for Ring Binders,Yes,15.42,4,0.20,5.01,38.1040864,-122.2566367
641,CA-2016-147067,12/18/2016,12/22/2016,Standard Class,JD-16150,Justin Deggeller,Corporate,United States,Minneapolis,Minnesota,55407,Central,Kelly Williams,FUR-FU-10000732,Furniture,Furnishings,Eldon 200 Class Desk Accessories,Not,18.84,3,0.00,6.03,44.9772995,-93.2654692
642,CA-2017-167913,7/30/2017,7/30/2017,Second Class,JL-15835,John Lee,Consumer,United States,Mission Viejo,California,92691,West,Anna Andreadi,OFF-ST-10000585,Office Supplies,Storage,Economy Rollaway Files,Not,330.40,2,0.00,85.90,33.5965685,-117.659405
643,CA-2017-167913,7/30/2017,7/30/2017,Second Class,JL-15835,John Lee,Consumer,United States,Mission Viejo,California,92691,West,Anna Andreadi,OFF-LA-10002787,Office Supplies,Labels,Avery 480,Not,26.25,7,0.00,12.60,33.5965685,-117.659405
644,CA-2017-106103,10/6/2017,10/6/2017,Standard Class,SC-20305,Sean Christensen,Consumer,United States,Rochester Hills,Michigan,48307,Central,Kelly Williams,TEC-AC-10003832,Technology,Accessories,Imation 16GB Mini TravelDrive USB 2.0 Flash Drive,Not,132.52,4,0.00,54.33,42.6583661,-83.1499322
645,US-2017-127719,7/21/2017,7/25/2017,Standard Class,TW-21025,Tamara Willingham,Home Office,United States,Plainfield,New Jersey,7060,East,Chuck Magee,OFF-PA-10001934,Office Supplies,Paper,Xerox 1993,Not,6.48,1,0.00,3.18,40.6337136,-74.4073737
646,CA-2017-126221,12/30/2017,5/1/2018,Standard Class,CC-12430,Chuck Clark,Home Office,United States,Columbus,Indiana,47201,Central,Kelly Williams,OFF-AP-10002457,Office Supplies,Appliances,"Eureka The Boss Plus 12-Amp Hard Box Upright Vacuum, Red",Not,209.30,2,0.00,56.51,39.2014405,-85.9213796
647,CA-2016-103947,1/4/2016,8/4/2016,Standard Class,BB-10990,Barry Blumstein,Corporate,United States,Sierra Vista,Arizona,85635,West,Anna Andreadi,OFF-FA-10003112,Office Supplies,Fasteners,Staples,Not,31.56,5,0.20,9.86,31.5545973,-110.2997756
648,CA-2016-103947,1/4/2016,8/4/2016,Standard Class,BB-10990,Barry Blumstein,Corporate,United States,Sierra Vista,Arizona,85635,West,Anna Andreadi,OFF-AP-10002350,Office Supplies,Appliances,Belkin F9H710-06 7 Outlet SurgeMaster Surge Protector,Not,30.14,2,0.20,3.01,31.5545973,-110.2997756
649,CA-2016-160745,11/12/2016,12/16/2016,Second Class,AR-10825,Anthony Rawles,Corporate,United States,Vancouver,Washington,98661,West,Anna Andreadi,FUR-FU-10001935,Furniture,Furnishings,3M Hangers With Command Adhesive,Not,14.80,4,0.00,6.07,45.6306954,-122.6744557
650,CA-2016-160745,11/12/2016,12/16/2016,Second Class,AR-10825,Anthony Rawles,Corporate,United States,Vancouver,Washington,98661,West,Anna Andreadi,TEC-PH-10003273,Technology,Phones,AT&T TR1909W,Not,302.38,3,0.20,22.68,45.6306954,-122.6744557
651,CA-2016-160745,11/12/2016,12/16/2016,Second Class,AR-10825,Anthony Rawles,Corporate,United States,Vancouver,Washington,98661,West,Anna Andreadi,TEC-AC-10001142,Technology,Accessories,First Data FD10 PIN Pad,Not,316.00,4,0.00,31.60,45.6306954,-122.6744557
652,CA-2016-132661,10/23/2016,10/29/2016,Standard Class,SR-20740,Steven Roelle,Home Office,United States,New York City,New York,10024,East,Chuck Magee,OFF-PA-10000482,Office Supplies,Paper,"Snap-A-Way Black Print Carbonless Ruled Speed Letter, Triplicate",Not,379.40,10,0.00,178.32,40.7127281,-74.0060152
653,CA-2017-140844,6/19/2017,6/23/2017,Standard Class,AR-10405,Allen Rosenblatt,Corporate,United States,New York City,New York,10035,East,Chuck Magee,OFF-PA-10003892,Office Supplies,Paper,Xerox 1943,Not,97.82,2,0.00,45.98,40.7127281,-74.0060152
654,CA-2017-140844,6/19/2017,6/23/2017,Standard Class,AR-10405,Allen Rosenblatt,Corporate,United States,New York City,New York,10035,East,Chuck Magee,TEC-AC-10001101,Technology,Accessories,Sony 16GB Class 10 Micro SDHC R40 Memory Card,Not,103.12,8,0.00,10.31,40.7127281,-74.0060152
655,CA-2016-137239,8/22/2016,8/28/2016,Standard Class,CR-12730,Craig Reiter,Consumer,United States,Columbus,Ohio,43229,East,Chuck Magee,OFF-AP-10002439,Office Supplies,Appliances,Tripp Lite Isotel 8 Ultra 8 Outlet Metal Surge,Not,113.55,2,0.20,8.52,39.9622601,-83.0007065
656,CA-2016-137239,8/22/2016,8/28/2016,Standard Class,CR-12730,Craig Reiter,Consumer,United States,Columbus,Ohio,43229,East,Chuck Magee,OFF-BI-10002827,Office Supplies,Binders,Avery Durable Poly Binders,Not,3.32,2,0.70,-2.65,39.9622601,-83.0007065
657,CA-2016-137239,8/22/2016,8/28/2016,Standard Class,CR-12730,Craig Reiter,Consumer,United States,Columbus,Ohio,43229,East,Chuck Magee,OFF-EN-10002230,Office Supplies,Envelopes,Airmail Envelopes,Not,134.29,2,0.20,45.32,39.9622601,-83.0007065
658,US-2016-156097,9/19/2016,9/19/2016,Same Day,EH-14125,Eugene Hildebrand,Home Office,United States,Aurora,Illinois,60505,Central,Kelly Williams,FUR-CH-10001215,Furniture,Chairs,Global Troy Executive Leather Low-Back Tilter,Not,701.37,2,0.30,-50.10,41.7571701,-88.3147539
659,US-2016-156097,9/19/2016,9/19/2016,Same Day,EH-14125,Eugene Hildebrand,Home Office,United States,Aurora,Illinois,60505,Central,Kelly Williams,OFF-BI-10004654,Office Supplies,Binders,Avery Binding System Hidden Tab Executive Style Index Sets,Not,2.31,2,0.80,-3.46,41.7571701,-88.3147539
660,CA-2015-146563,8/24/2015,8/28/2015,Standard Class,CB-12025,Cassandra Brandow,Consumer,United States,Arlington,Texas,76017,Central,Kelly Williams,OFF-ST-10001490,Office Supplies,Storage,"Hot File 7-Pocket, Floor Stand",Not,999.43,7,0.20,124.93,32.7355816,-97.1071186
661,CA-2015-146563,8/24/2015,8/28/2015,Standard Class,CB-12025,Cassandra Brandow,Consumer,United States,Arlington,Texas,76017,Central,Kelly Williams,OFF-ST-10001511,Office Supplies,Storage,Space Solutions Commercial Steel Shelving,Not,724.08,14,0.20,-135.76,32.7355816,-97.1071186
662,CA-2015-146563,8/24/2015,8/28/2015,Standard Class,CB-12025,Cassandra Brandow,Consumer,United States,Arlington,Texas,76017,Central,Kelly Williams,FUR-TA-10001768,Furniture,Tables,Hon Racetrack Conference Tables,Not,918.78,5,0.30,-118.13,32.7355816,-97.1071186
663,CA-2015-146563,8/24/2015,8/28/2015,Standard Class,CB-12025,Cassandra Brandow,Consumer,United States,Arlington,Texas,76017,Central,Kelly Williams,OFF-BI-10003981,Office Supplies,Binders,"Avery Durable Plastic 1"" Binders",Not,2.72,3,0.80,-4.22,32.7355816,-97.1071186
664,CA-2016-123666,3/26/2016,3/30/2016,Standard Class,SP-20545,Sibella Parks,Corporate,United States,New York City,New York,10011,East,Chuck Magee,OFF-ST-10001522,Office Supplies,Storage,"Gould Plastics 18-Pocket Panel Bin, 34w x 5-1/4d x 20-1/2h",Not,459.95,5,0.00,18.40,40.7127281,-74.0060152
665,CA-2016-143308,4/11/2016,4/11/2016,Same Day,RC-19825,Roy Collins,Consumer,United States,Louisville,Kentucky,40214,South,Cassandra Brandow,OFF-FA-10000621,Office Supplies,Fasteners,"OIC Colored Binder Clips, Assorted Sizes",Not,10.74,3,0.00,5.26,38.2542376,-85.759407
666,CA-2017-132682,8/6/2017,10/6/2017,Second Class,TH-21235,Tiffany House,Corporate,United States,Dallas,Texas,75081,Central,Kelly Williams,OFF-SU-10004231,Office Supplies,Supplies,Acme Tagit Stainless Steel Antibacterial Scissors,Not,23.76,3,0.20,2.08,32.7762719,-96.7968559
667,CA-2017-132682,8/6/2017,10/6/2017,Second Class,TH-21235,Tiffany House,Corporate,United States,Dallas,Texas,75081,Central,Kelly Williams,OFF-PA-10000474,Office Supplies,Paper,Easy-staple paper,Not,85.06,3,0.20,28.71,32.7762719,-96.7968559
668,CA-2017-132682,8/6/2017,10/6/2017,Second Class,TH-21235,Tiffany House,Corporate,United States,Dallas,Texas,75081,Central,Kelly Williams,TEC-PH-10004042,Technology,Phones,ClearOne Communications CHAT 70 OC Speaker Phone,Not,381.58,3,0.20,28.62,32.7762719,-96.7968559
669,CA-2014-156314,12/24/2014,12/26/2014,First Class,RP-19390,Resi Pölking,Consumer,United States,Cleveland,Ohio,44105,East,Chuck Magee,FUR-FU-10003096,Furniture,Furnishings,"Master Giant Foot Doorstop, Safety Yellow",Not,30.36,5,0.20,8.73,41.4996574,-81.6936772
670,US-2017-106663,9/6/2017,9/6/2017,Standard Class,MO-17800,Meg O'Connel,Home Office,United States,Chicago,Illinois,60653,Central,Kelly Williams,FUR-FU-10002759,Furniture,Furnishings,12-1/2 Diameter Round Wall Clock,Not,23.98,3,0.60,-14.39,41.8755616,-87.6244212
671,US-2017-106663,9/6/2017,9/6/2017,Standard Class,MO-17800,Meg O'Connel,Home Office,United States,Chicago,Illinois,60653,Central,Kelly Williams,FUR-TA-10000688,Furniture,Tables,"Chromcraft Bull-Nose Wood Round Conference Table Top, Wood Base",Not,108.92,1,0.50,-71.89,41.8755616,-87.6244212
672,US-2017-106663,9/6/2017,9/6/2017,Standard Class,MO-17800,Meg O'Connel,Home Office,United States,Chicago,Illinois,60653,Central,Kelly Williams,OFF-PA-10002377,Office Supplies,Paper,"Adams Telephone Message Book W/Dividers/Space For Phone Numbers, 5 1/4""X8 1/2"", 200/Messages",Not,36.35,8,0.20,11.36,41.8755616,-87.6244212
673,CA-2017-111178,6/15/2017,6/22/2017,Standard Class,TD-20995,Tamara Dahlen,Consumer,United States,Quincy,Illinois,62301,Central,Kelly Williams,OFF-AR-10001954,Office Supplies,Art,Newell 331,Not,19.56,5,0.20,1.71,39.9356016,-91.4098727
674,CA-2017-130351,5/12/2017,8/12/2017,First Class,RB-19570,Rob Beeghly,Consumer,United States,Columbus,Indiana,47201,Central,Kelly Williams,OFF-AP-10004532,Office Supplies,Appliances,Kensington 6 Outlet Guardian Standard Surge Protector,Not,61.44,3,0.00,16.59,39.2014405,-85.9213796
675,CA-2017-130351,5/12/2017,8/12/2017,First Class,RB-19570,Rob Beeghly,Consumer,United States,Columbus,Indiana,47201,Central,Kelly Williams,OFF-PA-10002137,Office Supplies,Paper,"Southworth 100% Résumé Paper, 24lb.",Not,38.90,5,0.00,17.50,39.2014405,-85.9213796
676,CA-2017-130351,5/12/2017,8/12/2017,First Class,RB-19570,Rob Beeghly,Consumer,United States,Columbus,Indiana,47201,Central,Kelly Williams,TEC-AC-10003832,Technology,Accessories,Imation 16GB Mini TravelDrive USB 2.0 Flash Drive,Not,99.39,3,0.00,40.75,39.2014405,-85.9213796
677,US-2017-119438,3/18/2017,3/23/2017,Standard Class,CD-11980,Carol Darley,Consumer,United States,Tyler,Texas,75701,Central,Kelly Williams,OFF-AP-10000804,Office Supplies,Appliances,Hoover Portapower Portable Vacuum,Not,2.69,3,0.80,-7.39,32.3512601,-95.3010624
678,US-2017-119438,3/18/2017,3/23/2017,Standard Class,CD-11980,Carol Darley,Consumer,United States,Tyler,Texas,75701,Central,Kelly Williams,TEC-AC-10003614,Technology,Accessories,"Verbatim 25 GB 6x Blu-ray Single Layer Recordable Disc, 10/Pack",Not,27.82,3,0.20,4.52,32.3512601,-95.3010624
679,US-2017-119438,3/18/2017,3/23/2017,Standard Class,CD-11980,Carol Darley,Consumer,United States,Tyler,Texas,75701,Central,Kelly Williams,FUR-FU-10003553,Furniture,Furnishings,"Howard Miller 13-1/2"" Diameter Rosebrook Wall Clock",Not,82.52,3,0.60,-41.26,32.3512601,-95.3010624
680,US-2017-119438,3/18/2017,3/23/2017,Standard Class,CD-11980,Carol Darley,Consumer,United States,Tyler,Texas,75701,Central,Kelly Williams,OFF-BI-10004632,Office Supplies,Binders,Ibico Hi-Tech Manual Binding System,Not,182.99,3,0.80,-320.24,32.3512601,-95.3010624
681,CA-2016-164511,11/19/2016,11/24/2016,Standard Class,DJ-13630,Doug Jacobs,Consumer,United States,New York City,New York,10024,East,Chuck Magee,OFF-BI-10003305,Office Supplies,Binders,Avery Hanging File Binders,Not,14.35,3,0.20,4.66,40.7127281,-74.0060152
682,CA-2016-164511,11/19/2016,11/24/2016,Standard Class,DJ-13630,Doug Jacobs,Consumer,United States,New York City,New York,10024,East,Chuck Magee,OFF-ST-10002583,Office Supplies,Storage,Fellowes Neat Ideas Storage Cubes,Not,64.96,2,0.00,2.60,40.7127281,-74.0060152
683,CA-2016-164511,11/19/2016,11/24/2016,Standard Class,DJ-13630,Doug Jacobs,Consumer,United States,New York City,New York,10024,East,Chuck Magee,OFF-ST-10004507,Office Supplies,Storage,Advantus Rolling Storage Box,Not,68.60,4,0.00,18.52,40.7127281,-74.0060152
684,US-2017-168116,4/11/2017,4/11/2017,Same Day,GT-14635,Grant Thornton,Corporate,United States,Burlington,North Carolina,27217,South,Cassandra Brandow,TEC-MA-10004125,Technology,Machines,Cubify CubeX 3D Printer Triple Head Print,Not,7999.98,4,0.50,-3839.99,36.0956918,-79.4377991
685,US-2017-168116,4/11/2017,4/11/2017,Same Day,GT-14635,Grant Thornton,Corporate,United States,Burlington,North Carolina,27217,South,Cassandra Brandow,OFF-AP-10002457,Office Supplies,Appliances,"Eureka The Boss Plus 12-Amp Hard Box Upright Vacuum, Red",Not,167.44,2,0.20,14.65,36.0956918,-79.4377991
686,CA-2014-157784,5/7/2014,8/7/2014,First Class,MC-17845,Michael Chen,Consumer,United States,Jackson,Mississippi,39212,South,Cassandra Brandow,TEC-AC-10003911,Technology,Accessories,NETGEAR AC1750 Dual Band Gigabit Smart WiFi Router,Not,479.97,3,0.00,163.19,32.2998686,-90.1830408
687,CA-2014-157784,5/7/2014,8/7/2014,First Class,MC-17845,Michael Chen,Consumer,United States,Jackson,Mississippi,39212,South,Cassandra Brandow,OFF-LA-10001934,Office Supplies,Labels,Avery 516,Not,14.62,2,0.00,6.87,32.2998686,-90.1830408
688,CA-2014-157784,5/7/2014,8/7/2014,First Class,MC-17845,Michael Chen,Consumer,United States,Jackson,Mississippi,39212,South,Cassandra Brandow,OFF-PA-10000304,Office Supplies,Paper,Xerox 1995,Not,19.44,3,0.00,9.33,32.2998686,-90.1830408
689,CA-2017-161480,12/25/2017,12/29/2017,Standard Class,RA-19285,Ralph Arnett,Consumer,United States,New York City,New York,10035,East,Chuck Magee,FUR-BO-10004015,Furniture,Bookcases,"Bush Andora Bookcase, Maple/Graphite Gray Finish",Not,191.98,2,0.20,4.80,40.7127281,-74.0060152
690,US-2014-117135,6/21/2014,6/23/2014,Second Class,NP-18325,Naresj Patel,Consumer,United States,Waynesboro,Virginia,22980,South,Cassandra Brandow,FUR-FU-10004071,Furniture,Furnishings,Luxo Professional Magnifying Clamp-On Fluorescent Lamps,Not,104.01,1,0.00,14.56,38.0686668,-78.8893999
691,US-2014-117135,6/21/2014,6/23/2014,Second Class,NP-18325,Naresj Patel,Consumer,United States,Waynesboro,Virginia,22980,South,Cassandra Brandow,TEC-PH-10002033,Technology,Phones,Konftel 250 Conference phone - Charcoal black,Not,284.82,1,0.00,74.05,38.0686668,-78.8893999
692,US-2014-117135,6/21/2014,6/23/2014,Second Class,NP-18325,Naresj Patel,Consumer,United States,Waynesboro,Virginia,22980,South,Cassandra Brandow,OFF-ST-10002444,Office Supplies,Storage,Recycled Eldon Regeneration Jumbo File,Not,36.84,3,0.00,10.32,38.0686668,-78.8893999
693,CA-2015-131534,3/28/2015,3/28/2015,Standard Class,AB-10165,Alan Barnes,Consumer,United States,Los Angeles,California,90036,West,Anna Andreadi,TEC-AC-10002253,Technology,Accessories,Imation Bio 8GB USB Flash Drive Imation Corp,Not,166.24,1,0.00,24.94,34.0536909,-118.242766
694,CA-2015-131534,3/28/2015,3/28/2015,Standard Class,AB-10165,Alan Barnes,Consumer,United States,Los Angeles,California,90036,West,Anna Andreadi,OFF-PA-10000743,Office Supplies,Paper,Xerox 1977,Not,33.40,5,0.00,16.03,34.0536909,-118.242766
695,CA-2015-119291,5/14/2015,5/17/2015,First Class,JO-15550,Jesus Ocampo,Home Office,United States,Chester,Pennsylvania,19013,East,Chuck Magee,OFF-AR-10003373,Office Supplies,Art,"Boston School Pro Electric Pencil Sharpener, 1670",Not,198.27,8,0.20,17.35,39.849557,-75.3557458
696,CA-2015-119291,5/14/2015,5/17/2015,First Class,JO-15550,Jesus Ocampo,Home Office,United States,Chester,Pennsylvania,19013,East,Chuck Magee,OFF-LA-10002312,Office Supplies,Labels,Avery 490,Not,47.36,4,0.20,17.76,39.849557,-75.3557458
697,CA-2015-119291,5/14/2015,5/17/2015,First Class,JO-15550,Jesus Ocampo,Home Office,United States,Chester,Pennsylvania,19013,East,Chuck Magee,OFF-EN-10000927,Office Supplies,Envelopes,Jet-Pak Recycled Peel 'N' Seal Padded Mailers,Not,200.98,7,0.20,62.81,39.849557,-75.3557458
698,CA-2015-119291,5/14/2015,5/17/2015,First Class,JO-15550,Jesus Ocampo,Home Office,United States,Chester,Pennsylvania,19013,East,Chuck Magee,OFF-LA-10003510,Office Supplies,Labels,"Avery 4027 File Folder Labels for Dot Matrix Printers, 5000 Labels per Box, White",Not,97.70,4,0.20,31.75,39.849557,-75.3557458
699,CA-2015-119291,5/14/2015,5/17/2015,First Class,JO-15550,Jesus Ocampo,Home Office,United States,Chester,Pennsylvania,19013,East,Chuck Magee,OFF-AR-10001118,Office Supplies,Art,"Binney & Smith Crayola Metallic Crayons, 16-Color Pack",Not,2.70,1,0.20,0.81,39.849557,-75.3557458
700,CA-2015-119291,5/14/2015,5/17/2015,First Class,JO-15550,Jesus Ocampo,Home Office,United States,Chester,Pennsylvania,19013,East,Chuck Magee,OFF-BI-10001575,Office Supplies,Binders,GBC Linen Binding Covers,Not,18.59,2,0.70,-13.63,39.849557,-75.3557458
701,CA-2015-119291,5/14/2015,5/17/2015,First Class,JO-15550,Jesus Ocampo,Home Office,United States,Chester,Pennsylvania,19013,East,Chuck Magee,OFF-BI-10001982,Office Supplies,Binders,Wilson Jones Custom Binder Spines & Labels,Not,4.90,3,0.70,-3.43,39.849557,-75.3557458
702,CA-2017-114552,2/9/2017,8/9/2017,Standard Class,Dl-13600,Dorris liebe,Corporate,United States,Cleveland,Ohio,44105,East,Chuck Magee,FUR-FU-10002960,Furniture,Furnishings,"Eldon 200 Class Desk Accessories, Burgundy",Not,15.07,3,0.20,4.14,41.4996574,-81.6936772
703,CA-2016-163755,4/11/2016,8/11/2016,Second Class,AS-10285,Alejandro Savely,Corporate,United States,Seattle,Washington,98103,West,Anna Andreadi,FUR-FU-10003394,Furniture,Furnishings,"Tenex ""The Solids"" Textured Chair Mats",Not,209.88,3,0.00,35.68,47.6038321,-122.330062
704,CA-2015-142027,9/4/2015,9/4/2015,Standard Class,JK-15370,Jay Kimmel,Consumer,United States,Long Beach,California,90805,West,Anna Andreadi,FUR-TA-10002774,Furniture,Tables,Laminate Occasional Tables,Not,369.91,3,0.20,-13.87,33.7690164,-118.191604
705,CA-2014-138527,12/9/2014,12/9/2014,Standard Class,BN-11470,Brad Norvell,Corporate,United States,Cary,North Carolina,27511,South,Cassandra Brandow,OFF-PA-10001800,Office Supplies,Paper,Xerox 220,Not,10.37,2,0.20,3.63,35.7882893,-78.7812081
706,CA-2014-138527,12/9/2014,12/9/2014,Standard Class,BN-11470,Brad Norvell,Corporate,United States,Cary,North Carolina,27511,South,Cassandra Brandow,OFF-AP-10001469,Office Supplies,Appliances,Fellowes 8 Outlet Superior Workstation Surge Protector,Not,166.84,5,0.20,18.77,35.7882893,-78.7812081
707,CA-2014-138527,12/9/2014,12/9/2014,Standard Class,BN-11470,Brad Norvell,Corporate,United States,Cary,North Carolina,27511,South,Cassandra Brandow,TEC-AC-10002399,Technology,Accessories,SanDisk Cruzer 32 GB USB Flash Drive,Not,15.22,1,0.20,2.28,35.7882893,-78.7812081
708,CA-2014-112158,2/12/2014,4/12/2014,First Class,DP-13165,David Philippe,Consumer,United States,New York City,New York,10035,East,Chuck Magee,TEC-AC-10003628,Technology,Accessories,Logitech 910-002974 M325 Wireless Mouse for Web Scrolling,Not,119.96,4,0.00,52.78,40.7127281,-74.0060152
709,CA-2014-112158,2/12/2014,4/12/2014,First Class,DP-13165,David Philippe,Consumer,United States,New York City,New York,10035,East,Chuck Magee,FUR-BO-10003272,Furniture,Bookcases,O'Sullivan Living Dimensions 5-Shelf Bookcases,Not,883.92,5,0.20,-110.49,40.7127281,-74.0060152
710,CA-2014-112158,2/12/2014,4/12/2014,First Class,DP-13165,David Philippe,Consumer,United States,New York City,New York,10035,East,Chuck Magee,OFF-BI-10000050,Office Supplies,Binders,"Angle-D Binders with Locking Rings, Label Holders",Not,46.72,8,0.20,15.77,40.7127281,-74.0060152
711,CA-2014-113887,5/4/2014,7/4/2014,First Class,TH-21550,Tracy Hopkins,Home Office,United States,New York City,New York,10035,East,Chuck Magee,OFF-PA-10004071,Office Supplies,Paper,"Eaton Premium Continuous-Feed Paper, 25% Cotton, Letter Size, White, 1000 Shts/Box",Not,55.48,1,0.00,26.63,40.7127281,-74.0060152
712,CA-2017-146136,3/9/2017,7/9/2017,Standard Class,AP-10915,Arthur Prichep,Consumer,United States,Palm Coast,Florida,32137,South,Cassandra Brandow,OFF-EN-10001219,Office Supplies,Envelopes,"#10- 4 1/8"" x 9 1/2"" Security-Tint Envelopes",Not,24.45,4,0.20,8.86,29.5541432,-81.2207673
713,US-2017-100048,5/19/2017,5/24/2017,Standard Class,RS-19765,Roland Schwarz,Corporate,United States,Mount Vernon,New York,10550,East,Chuck Magee,OFF-AP-10001154,Office Supplies,Appliances,Bionaire Personal Warm Mist Humidifier/Vaporizer,Not,281.34,6,0.00,109.72,40.9125085,-73.8386504
714,US-2017-100048,5/19/2017,5/24/2017,Standard Class,RS-19765,Roland Schwarz,Corporate,United States,Mount Vernon,New York,10550,East,Chuck Magee,TEC-PH-10003012,Technology,Phones,Nortel Meridian M3904 Professional Digital phone,Not,307.98,2,0.00,89.31,40.9125085,-73.8386504
715,US-2017-100048,5/19/2017,5/24/2017,Standard Class,RS-19765,Roland Schwarz,Corporate,United States,Mount Vernon,New York,10550,East,Chuck Magee,TEC-AC-10001606,Technology,Accessories,Logitech Wireless Performance Mouse MX for PC and Mac,Not,299.97,3,0.00,113.99,40.9125085,-73.8386504
716,CA-2014-153150,1/7/2014,6/7/2014,Second Class,Dl-13600,Dorris liebe,Corporate,United States,Seattle,Washington,98105,West,Anna Andreadi,OFF-BI-10003355,Office Supplies,Binders,Cardinal Holdit Business Card Pockets,Yes,19.92,5,0.20,6.97,47.6038321,-122.330062
717,CA-2014-130092,11/1/2014,11/1/2014,First Class,SV-20365,Seth Vernon,Consumer,United States,Dover,Delaware,19901,East,Chuck Magee,FUR-FU-10000010,Furniture,Furnishings,"DAX Value U-Channel Document Frames, Easel Back",Not,9.94,2,0.00,3.08,39.158168,-75.5243682
718,CA-2017-108910,9/24/2017,9/29/2017,Standard Class,KC-16540,Kelly Collister,Consumer,United States,Newark,Ohio,43055,East,Chuck Magee,FUR-FU-10002253,Furniture,Furnishings,"Howard Miller 13"" Diameter Pewter Finish Round Wall Clock",Not,103.06,3,0.20,24.48,40.0581205,-82.4012643
719,CA-2014-104472,2/6/2014,7/6/2014,Standard Class,CK-12325,Christine Kargatis,Home Office,United States,Orem,Utah,84057,West,Anna Andreadi,OFF-BI-10001658,Office Supplies,Binders,GBC Standard Therm-A-Bind Covers,Not,59.81,3,0.20,19.44,40.2981599,-111.6944313
720,CA-2014-104472,2/6/2014,7/6/2014,Standard Class,CK-12325,Christine Kargatis,Home Office,United States,Orem,Utah,84057,West,Anna Andreadi,FUR-FU-10000246,Furniture,Furnishings,Aluminum Document Frame,Not,73.32,6,0.00,22.00,40.2981599,-111.6944313
721,CA-2016-112942,2/13/2016,2/18/2016,Standard Class,RD-19810,Ross DeVincentis,Home Office,United States,Los Angeles,California,90045,West,Anna Andreadi,OFF-PA-10004092,Office Supplies,Paper,Tops Green Bar Computer Printout Paper,Not,146.82,3,0.00,73.41,34.0536909,-118.242766
722,CA-2016-142335,12/15/2016,12/19/2016,Standard Class,MP-17965,Michael Paige,Corporate,United States,Detroit,Michigan,48205,Central,Kelly Williams,FUR-TA-10000198,Furniture,Tables,Chromcraft Bull-Nose Wood Oval Conference Tables & Bases,Not,1652.94,3,0.00,231.41,42.3315509,-83.0466403
723,CA-2016-142335,12/15/2016,12/19/2016,Standard Class,MP-17965,Michael Paige,Corporate,United States,Detroit,Michigan,48205,Central,Kelly Williams,OFF-ST-10000036,Office Supplies,Storage,"Recycled Data-Pak for Archival Bound Computer Printouts, 12-1/2 x 12-1/2 x 16",Not,296.37,3,0.00,80.02,42.3315509,-83.0466403
724,CA-2014-117429,7/10/2014,10/13/2014,Standard Class,MR-17545,Mathew Reese,Home Office,United States,Philadelphia,Pennsylvania,19140,East,Chuck Magee,FUR-FU-10000222,Furniture,Furnishings,"Seth Thomas 16"" Steel Case Clock",Not,129.92,5,0.20,21.11,39.9527237,-75.1635262
725,CA-2016-114713,7/7/2016,12/7/2016,Standard Class,SC-20695,Steve Chapman,Corporate,United States,Hialeah,Florida,33012,South,Cassandra Brandow,OFF-SU-10004664,Office Supplies,Supplies,Acme Softgrip Scissors,Not,45.58,7,0.20,5.13,25.8575963,-80.2781057
726,CA-2017-144113,9/16/2017,9/20/2017,Standard Class,JF-15355,Jay Fein,Consumer,United States,Austin,Texas,78745,Central,Kelly Williams,OFF-EN-10001141,Office Supplies,Envelopes,"Manila Recycled Extra-Heavyweight Clasp Envelopes, 6"" x 9""",Not,17.57,2,0.20,6.37,30.2711286,-97.7436995
727,CA-2017-144113,9/16/2017,9/20/2017,Standard Class,JF-15355,Jay Fein,Consumer,United States,Austin,Texas,78745,Central,Kelly Williams,TEC-PH-10002170,Technology,Phones,ClearSounds CSC500 Amplified Spirit Phone Corded phone,Not,55.99,1,0.20,5.60,30.2711286,-97.7436995
728,US-2016-150861,3/12/2016,6/12/2016,First Class,EG-13900,Emily Grady,Consumer,United States,Oceanside,New York,11572,East,Chuck Magee,OFF-PA-10001954,Office Supplies,Paper,Xerox 1964,Not,182.72,8,0.00,84.05,40.6390936,-73.6399765
729,US-2016-150861,3/12/2016,6/12/2016,First Class,EG-13900,Emily Grady,Consumer,United States,Oceanside,New York,11572,East,Chuck Magee,FUR-TA-10002228,Furniture,Tables,"Bevis Traditional Conference Table Top, Plinth Base",Not,400.03,2,0.40,-153.35,40.6390936,-73.6399765
730,US-2016-150861,3/12/2016,6/12/2016,First Class,EG-13900,Emily Grady,Consumer,United States,Oceanside,New York,11572,East,Chuck Magee,OFF-ST-10004634,Office Supplies,Storage,"Personal Folder Holder, Ebony",Not,33.63,3,0.00,10.09,40.6390936,-73.6399765
731,US-2016-150861,3/12/2016,6/12/2016,First Class,EG-13900,Emily Grady,Consumer,United States,Oceanside,New York,11572,East,Chuck Magee,FUR-CH-10002965,Furniture,Chairs,"Global Leather Highback Executive Chair with Pneumatic Height Adjustment, Black",Not,542.65,3,0.10,102.50,40.6390936,-73.6399765
732,US-2016-150861,3/12/2016,6/12/2016,First Class,EG-13900,Emily Grady,Consumer,United States,Oceanside,New York,11572,East,Chuck Magee,OFF-LA-10001317,Office Supplies,Labels,Avery 520,Not,6.30,2,0.00,3.02,40.6390936,-73.6399765
733,CA-2017-131954,1/21/2017,1/25/2017,Standard Class,DS-13030,Darrin Sayre,Home Office,United States,Seattle,Washington,98115,West,Anna Andreadi,OFF-ST-10000736,Office Supplies,Storage,Carina Double Wide Media Storage Towers in Natural & Black,Not,242.94,3,0.00,9.72,47.6038321,-122.330062
734,CA-2017-131954,1/21/2017,1/25/2017,Standard Class,DS-13030,Darrin Sayre,Home Office,United States,Seattle,Washington,98115,West,Anna Andreadi,TEC-AC-10003610,Technology,Accessories,Logitech Illuminated - Keyboard,Not,179.97,3,0.00,86.39,47.6038321,-122.330062
735,CA-2017-131954,1/21/2017,1/25/2017,Standard Class,DS-13030,Darrin Sayre,Home Office,United States,Seattle,Washington,98115,West,Anna Andreadi,OFF-BI-10003982,Office Supplies,Binders,Wilson Jones Century Plastic Molded Ring Binders,Not,99.70,6,0.20,33.65,47.6038321,-122.330062
736,CA-2017-131954,1/21/2017,1/25/2017,Standard Class,DS-13030,Darrin Sayre,Home Office,United States,Seattle,Washington,98115,West,Anna Andreadi,OFF-BI-10003291,Office Supplies,Binders,Wilson Jones Leather-Like Binders with DublLock Round Rings,Not,27.94,4,0.20,9.43,47.6038321,-122.330062
737,CA-2017-131954,1/21/2017,1/25/2017,Standard Class,DS-13030,Darrin Sayre,Home Office,United States,Seattle,Washington,98115,West,Anna Andreadi,FUR-BO-10001619,Furniture,Bookcases,O'Sullivan Cherrywood Estates Traditional Bookcase,Not,84.98,1,0.00,18.70,47.6038321,-122.330062
738,CA-2017-131954,1/21/2017,1/25/2017,Standard Class,DS-13030,Darrin Sayre,Home Office,United States,Seattle,Washington,98115,West,Anna Andreadi,OFF-BI-10000138,Office Supplies,Binders,Acco Translucent Poly Ring Binders,Not,18.72,5,0.20,6.55,47.6038321,-122.330062
739,CA-2014-132500,8/9/2014,12/9/2014,Standard Class,GZ-14470,Gary Zandusky,Consumer,United States,San Francisco,California,94110,West,Anna Andreadi,TEC-AC-10001383,Technology,Accessories,Logitech Wireless Touch Keyboard K400,Not,49.98,2,0.00,8.50,37.7792588,-122.4193286
740,CA-2014-112326,4/1/2014,8/1/2014,Standard Class,PO-19195,Phillina Ober,Home Office,United States,Naperville,Illinois,60540,Central,Kelly Williams,OFF-LA-10003223,Office Supplies,Labels,Avery 508,Not,11.78,3,0.20,4.27,41.7728699,-88.1479278
741,CA-2014-112326,4/1/2014,8/1/2014,Standard Class,PO-19195,Phillina Ober,Home Office,United States,Naperville,Illinois,60540,Central,Kelly Williams,OFF-ST-10002743,Office Supplies,Storage,SAFCO Boltless Steel Shelving,Not,272.74,3,0.20,-64.77,41.7728699,-88.1479278
742,CA-2014-112326,4/1/2014,8/1/2014,Standard Class,PO-19195,Phillina Ober,Home Office,United States,Naperville,Illinois,60540,Central,Kelly Williams,OFF-BI-10004094,Office Supplies,Binders,GBC Standard Plastic Binding Systems Combs,Not,3.54,2,0.80,-5.49,41.7728699,-88.1479278
743,US-2016-146710,8/27/2016,8/27/2016,Standard Class,SS-20875,Sung Shariari,Consumer,United States,Dallas,Texas,75220,Central,Kelly Williams,OFF-SU-10004498,Office Supplies,Supplies,Martin-Yale Premier Letter Opener,Not,51.52,5,0.20,-10.95,32.7762719,-96.7968559
744,US-2016-146710,8/27/2016,8/27/2016,Standard Class,SS-20875,Sung Shariari,Consumer,United States,Dallas,Texas,75220,Central,Kelly Williams,OFF-PA-10002615,Office Supplies,Paper,"Ampad Gold Fibre Wirebound Steno Books, 6"" x 9"", Gregg Ruled",Not,3.53,1,0.20,1.15,32.7762719,-96.7968559
745,US-2016-146710,8/27/2016,8/27/2016,Standard Class,SS-20875,Sung Shariari,Consumer,United States,Dallas,Texas,75220,Central,Kelly Williams,OFF-PA-10004971,Office Supplies,Paper,Xerox 196,Not,4.62,1,0.20,1.68,32.7762719,-96.7968559
746,US-2016-146710,8/27/2016,8/27/2016,Standard Class,SS-20875,Sung Shariari,Consumer,United States,Dallas,Texas,75220,Central,Kelly Williams,OFF-SU-10004261,Office Supplies,Supplies,"Fiskars 8"" Scissors, 2/Pack",Not,55.17,4,0.20,6.21,32.7762719,-96.7968559
747,CA-2014-124429,5/27/2014,5/27/2014,Same Day,MH-17785,Maya Herman,Corporate,United States,San Diego,California,92105,West,Anna Andreadi,FUR-TA-10002607,Furniture,Tables,KI Conference Tables,Not,567.12,10,0.20,-28.36,32.7174202,-117.162772
748,CA-2014-124429,5/27/2014,5/27/2014,Same Day,MH-17785,Maya Herman,Corporate,United States,San Diego,California,92105,West,Anna Andreadi,OFF-ST-10001809,Office Supplies,Storage,Fellowes Officeware Wire Shelving,Not,359.32,4,0.00,7.19,32.7174202,-117.162772
749,CA-2016-150889,3/20/2016,3/22/2016,Second Class,PB-19105,Peter Bühler,Consumer,United States,Evanston,Illinois,60201,Central,Kelly Williams,TEC-PH-10000004,Technology,Phones,Belkin iPhone and iPad Lightning Cable,Not,11.99,1,0.20,0.90,42.0470043,-87.6846053
750,CA-2017-126074,2/10/2017,6/10/2017,Standard Class,RF-19735,Roland Fjeld,Consumer,United States,Trenton,Michigan,48183,Central,Kelly Williams,OFF-BI-10003638,Office Supplies,Binders,GBC Durable Plastic Covers,Not,58.05,3,0.00,26.70,42.1406552,-83.1800544
751,CA-2017-126074,2/10/2017,6/10/2017,Standard Class,RF-19735,Roland Fjeld,Consumer,United States,Trenton,Michigan,48183,Central,Kelly Williams,FUR-FU-10003577,Furniture,Furnishings,Nu-Dell Leatherette Frames,Not,157.74,11,0.00,56.79,42.1406552,-83.1800544
752,CA-2017-126074,2/10/2017,6/10/2017,Standard Class,RF-19735,Roland Fjeld,Consumer,United States,Trenton,Michigan,48183,Central,Kelly Williams,OFF-AR-10003478,Office Supplies,Art,"Avery Hi-Liter EverBold Pen Style Fluorescent Highlighters, 4/Pack",Not,56.98,7,0.00,22.79,42.1406552,-83.1800544
753,CA-2017-126074,2/10/2017,6/10/2017,Standard Class,RF-19735,Roland Fjeld,Consumer,United States,Trenton,Michigan,48183,Central,Kelly Williams,OFF-BI-10000546,Office Supplies,Binders,Avery Durable Binders,Not,2.88,1,0.00,1.41,42.1406552,-83.1800544
754,CA-2016-110499,7/4/2016,9/4/2016,First Class,YC-21895,Yoseph Carroll,Corporate,United States,San Francisco,California,94110,West,Anna Andreadi,TEC-CO-10002095,Technology,Copiers,Hewlett Packard 610 Color Digital Copier / Printer,Not,1199.98,3,0.20,374.99,37.7792588,-122.4193286
755,CA-2015-135272,7/12/2015,12/12/2015,Standard Class,MS-17830,Melanie Seite,Consumer,United States,Los Angeles,California,90036,West,Anna Andreadi,FUR-FU-10002759,Furniture,Furnishings,12-1/2 Diameter Round Wall Clock,Not,79.92,4,0.00,28.77,34.0536909,-118.242766
756,CA-2016-140928,9/18/2016,9/22/2016,Standard Class,NB-18655,Nona Balk,Corporate,United States,Jacksonville,Florida,32216,South,Cassandra Brandow,FUR-TA-10001095,Furniture,Tables,Chromcraft Round Conference Tables,Not,383.44,4,0.45,-167.32,30.3321838,-81.655651
757,CA-2014-106803,12/29/2014,2/1/2015,Standard Class,DC-13285,Debra Catini,Consumer,United States,Cottage Grove,Minnesota,55016,Central,Kelly Williams,OFF-ST-10002444,Office Supplies,Storage,Recycled Eldon Regeneration Jumbo File,Not,24.56,2,0.00,6.88,44.8277446,-92.9438218
758,CA-2014-106803,12/29/2014,2/1/2015,Standard Class,DC-13285,Debra Catini,Consumer,United States,Cottage Grove,Minnesota,55016,Central,Kelly Williams,TEC-AC-10001267,Technology,Accessories,Imation 32GB Pocket Pro USB 3.0 Flash Drive - 32 GB - Black - 1 P ...,Not,119.80,4,0.00,47.92,44.8277446,-92.9438218
759,CA-2017-117240,7/23/2017,7/28/2017,Standard Class,CP-12340,Christine Phan,Corporate,United States,New York City,New York,10009,East,Chuck Magee,OFF-BI-10000848,Office Supplies,Binders,Angle-D Ring Binders,Not,13.13,3,0.20,4.27,40.7127281,-74.0060152
760,CA-2017-133333,9/18/2017,9/22/2017,Standard Class,BF-11020,Barry Französisch,Corporate,United States,Green Bay,Wisconsin,54302,Central,Kelly Williams,OFF-PA-10002377,Office Supplies,Paper,"Adams Telephone Message Book W/Dividers/Space For Phone Numbers, 5 1/4""X8 1/2"", 200/Messages",Not,22.72,4,0.00,10.22,44.5126379,-88.0125794
761,CA-2015-112319,8/31/2015,8/31/2015,Standard Class,AR-10510,Andrew Roberts,Consumer,United States,Los Angeles,California,90004,West,Anna Andreadi,OFF-PA-10003441,Office Supplies,Paper,Xerox 226,Not,58.32,9,0.00,27.99,34.0536909,-118.242766
762,CA-2017-126046,3/11/2017,7/11/2017,Standard Class,JC-16105,Julie Creighton,Corporate,United States,Atlanta,Georgia,30318,South,Cassandra Brandow,OFF-LA-10004484,Office Supplies,Labels,Avery 476,Not,12.39,3,0.00,5.70,33.7489924,-84.3902644
763,CA-2015-114923,8/2/2015,8/2/2015,Standard Class,LH-17020,Lisa Hazard,Consumer,United States,Columbus,Ohio,43229,East,Chuck Magee,TEC-PH-10003931,Technology,Phones,JBL Micro Wireless Portable Bluetooth Speaker,Not,107.98,3,0.40,-27.00,39.9622601,-83.0007065
764,CA-2014-162775,1/13/2014,1/15/2014,Second Class,CS-12250,Chris Selesnick,Corporate,United States,Bossier City,Louisiana,71111,South,Cassandra Brandow,OFF-EN-10001990,Office Supplies,Envelopes,Staple envelope,Not,11.36,2,0.00,5.34,32.515887,-93.7336536
765,CA-2014-162775,1/13/2014,1/15/2014,Second Class,CS-12250,Chris Selesnick,Corporate,United States,Bossier City,Louisiana,71111,South,Cassandra Brandow,OFF-EN-10001532,Office Supplies,Envelopes,Brown Kraft Recycled Envelopes,Not,50.94,3,0.00,25.47,32.515887,-93.7336536
766,CA-2014-162775,1/13/2014,1/15/2014,Second Class,CS-12250,Chris Selesnick,Corporate,United States,Bossier City,Louisiana,71111,South,Cassandra Brandow,TEC-AC-10003174,Technology,Accessories,Plantronics S12 Corded Telephone Headset System,Not,646.74,6,0.00,258.70,32.515887,-93.7336536
767,CA-2014-162775,1/13/2014,1/15/2014,Second Class,CS-12250,Chris Selesnick,Corporate,United States,Bossier City,Louisiana,71111,South,Cassandra Brandow,OFF-BI-10004187,Office Supplies,Binders,3-ring staple pack,Not,5.64,3,0.00,2.71,32.515887,-93.7336536
768,CA-2014-162775,1/13/2014,1/15/2014,Second Class,CS-12250,Chris Selesnick,Corporate,United States,Bossier City,Louisiana,71111,South,Cassandra Brandow,OFF-ST-10000025,Office Supplies,Storage,Fellowes Stor/Drawer Steel Plus Storage Drawers,Not,572.58,6,0.00,34.35,32.515887,-93.7336536
769,CA-2014-106810,5/14/2014,5/20/2014,Standard Class,AJ-10795,Anthony Johnson,Corporate,United States,Saint Petersburg,Florida,33710,South,Cassandra Brandow,FUR-FU-10004306,Furniture,Furnishings,Electrix Halogen Magnifier Lamp,Not,310.88,2,0.20,23.32,27.7700475,-82.6359078
770,CA-2016-157245,5/19/2016,5/24/2016,Standard Class,LE-16810,Laurel Elliston,Consumer,United States,Arlington,Virginia,22204,South,Cassandra Brandow,FUR-CH-10003746,Furniture,Chairs,Hon 4070 Series Pagoda Round Back Stacking Chairs,Not,641.96,2,0.00,179.75,38.8769326,-77.0893094
771,CA-2017-104220,1/30/2017,5/2/2017,Standard Class,BV-11245,Benjamin Venier,Corporate,United States,Des Moines,Iowa,50315,Central,Kelly Williams,OFF-BI-10001036,Office Supplies,Binders,Cardinal EasyOpen D-Ring Binders,Not,18.28,2,0.00,9.14,41.5868654,-93.6249494
772,CA-2017-104220,1/30/2017,5/2/2017,Standard Class,BV-11245,Benjamin Venier,Corporate,United States,Des Moines,Iowa,50315,Central,Kelly Williams,TEC-PH-10004614,Technology,Phones,AT&T 841000 Phone,Not,207.00,3,0.00,51.75,41.5868654,-93.6249494
773,CA-2017-104220,1/30/2017,5/2/2017,Standard Class,BV-11245,Benjamin Venier,Corporate,United States,Des Moines,Iowa,50315,Central,Kelly Williams,OFF-BI-10000301,Office Supplies,Binders,GBC Instant Report Kit,Not,32.35,5,0.00,16.18,41.5868654,-93.6249494
774,CA-2017-104220,1/30/2017,5/2/2017,Standard Class,BV-11245,Benjamin Venier,Corporate,United States,Des Moines,Iowa,50315,Central,Kelly Williams,OFF-BI-10003910,Office Supplies,Binders,DXL Angle-View Binders with Locking Rings by Samsill,Not,7.71,1,0.00,3.47,41.5868654,-93.6249494
775,CA-2017-104220,1/30/2017,5/2/2017,Standard Class,BV-11245,Benjamin Venier,Corporate,United States,Des Moines,Iowa,50315,Central,Kelly Williams,OFF-AR-10004648,Office Supplies,Art,Boston 19500 Mighty Mite Electric Pencil Sharpener,Not,40.30,2,0.00,10.88,41.5868654,-93.6249494
776,CA-2017-104220,1/30/2017,5/2/2017,Standard Class,BV-11245,Benjamin Venier,Corporate,United States,Des Moines,Iowa,50315,Central,Kelly Williams,FUR-FU-10002597,Furniture,Furnishings,"C-Line Magnetic Cubicle Keepers, Clear Polypropylene",Not,34.58,7,0.00,14.52,41.5868654,-93.6249494
777,CA-2014-165974,6/29/2014,6/29/2014,Standard Class,DL-12865,Dan Lawera,Consumer,United States,Cincinnati,Ohio,45231,East,Chuck Magee,OFF-AR-10003405,Office Supplies,Art,"Dixon My First Ticonderoga Pencil, #2",Not,32.76,7,0.20,3.69,39.1014537,-84.5124602
778,CA-2015-144267,8/21/2015,8/23/2015,First Class,NZ-18565,Nick Zandusky,Home Office,United States,San Francisco,California,94110,West,Anna Andreadi,FUR-CH-10002335,Furniture,Chairs,Hon GuestStacker Chair,Yes,544.01,3,0.20,40.80,37.7792588,-122.4193286
779,CA-2015-144267,8/21/2015,8/23/2015,First Class,NZ-18565,Nick Zandusky,Home Office,United States,San Francisco,California,94110,West,Anna Andreadi,OFF-PA-10000157,Office Supplies,Paper,Xerox 191,Yes,59.94,3,0.00,28.17,37.7792588,-122.4193286
780,CA-2015-144267,8/21/2015,8/23/2015,First Class,NZ-18565,Nick Zandusky,Home Office,United States,San Francisco,California,94110,West,Anna Andreadi,OFF-PA-10001947,Office Supplies,Paper,Xerox 1974,Yes,23.92,4,0.00,11.72,37.7792588,-122.4193286
781,CA-2015-144267,8/21/2015,8/23/2015,First Class,NZ-18565,Nick Zandusky,Home Office,United States,San Francisco,California,94110,West,Anna Andreadi,OFF-PA-10003657,Office Supplies,Paper,Xerox 1927,Yes,4.28,1,0.00,1.93,37.7792588,-122.4193286
782,US-2015-157014,3/10/2015,6/10/2015,Second Class,BM-11785,Bryan Mills,Consumer,United States,Columbus,Ohio,43229,East,Chuck Magee,OFF-BI-10001098,Office Supplies,Binders,Acco D-Ring Binder w/DublLock,Not,32.07,5,0.70,-22.45,39.9622601,-83.0007065
783,US-2015-157014,3/10/2015,6/10/2015,Second Class,BM-11785,Bryan Mills,Consumer,United States,Columbus,Ohio,43229,East,Chuck Magee,TEC-AC-10002167,Technology,Accessories,Imation 8gb Micro Traveldrive Usb 2.0 Flash Drive,Not,24.00,2,0.20,-2.70,39.9622601,-83.0007065
784,US-2015-157014,3/10/2015,6/10/2015,Second Class,BM-11785,Bryan Mills,Consumer,United States,Columbus,Ohio,43229,East,Chuck Magee,FUR-BO-10004409,Furniture,Bookcases,"Safco Value Mate Series Steel Bookcases, Baked Enamel Finish on Steel, Gray",Not,35.49,1,0.50,-15.62,39.9622601,-83.0007065
785,US-2015-157014,3/10/2015,6/10/2015,Second Class,BM-11785,Bryan Mills,Consumer,United States,Columbus,Ohio,43229,East,Chuck Magee,TEC-AC-10000057,Technology,Accessories,Microsoft Natural Ergonomic Keyboard 4000,Not,47.98,2,0.20,0.60,39.9622601,-83.0007065
786,CA-2015-154921,5/23/2015,5/28/2015,Standard Class,EA-14035,Erin Ashbrook,Corporate,United States,Columbia,South Carolina,29203,South,Cassandra Brandow,OFF-EN-10000056,Office Supplies,Envelopes,Cameo Buff Policy Envelopes,Not,186.69,3,0.00,87.74,34.0003117,-81.0331309
787,CA-2017-129567,3/17/2017,3/21/2017,Second Class,CL-12565,Clay Ludtke,Consumer,United States,Lancaster,California,93534,West,Anna Andreadi,OFF-BI-10000014,Office Supplies,Binders,Heavy-Duty E-Z-D Binders,Not,17.46,2,0.20,5.89,34.6981064,-118.1366153
788,CA-2015-154620,12/12/2015,12/16/2015,Standard Class,LT-17110,Liz Thompson,Consumer,United States,Lancaster,California,93534,West,Anna Andreadi,FUR-CH-10004675,Furniture,Chairs,"Lifetime Advantage Folding Chairs, 4/Carton",Not,348.93,2,0.20,34.89,34.6981064,-118.1366153
789,CA-2015-115938,6/26/2015,6/30/2015,Standard Class,SA-20830,Sue Ann Reed,Consumer,United States,Richmond,Virginia,23223,South,Cassandra Brandow,OFF-BI-10001543,Office Supplies,Binders,GBC VeloBinder Manual Binding System,Not,143.96,4,0.00,69.10,37.5385087,-77.43428
790,CA-2015-115938,6/26/2015,6/30/2015,Standard Class,SA-20830,Sue Ann Reed,Consumer,United States,Richmond,Virginia,23223,South,Cassandra Brandow,OFF-ST-10001321,Office Supplies,Storage,"Decoflex Hanging Personal Folder File, Blue",Not,15.42,1,0.00,4.16,37.5385087,-77.43428
791,CA-2015-115938,6/26/2015,6/30/2015,Standard Class,SA-20830,Sue Ann Reed,Consumer,United States,Richmond,Virginia,23223,South,Cassandra Brandow,OFF-BI-10001132,Office Supplies,Binders,"Acco PRESSTEX Data Binder with Storage Hooks, Dark Blue, 9 1/2"" X 11""",Not,43.04,8,0.00,21.09,37.5385087,-77.43428
792,CA-2015-115938,6/26/2015,6/30/2015,Standard Class,SA-20830,Sue Ann Reed,Consumer,United States,Richmond,Virginia,23223,South,Cassandra Brandow,FUR-CH-10003199,Furniture,Chairs,Office Star - Contemporary Task Swivel Chair,Not,332.94,3,0.00,79.91,37.5385087,-77.43428
793,CA-2016-105256,5/20/2016,5/20/2016,Same Day,JK-15730,Joe Kamberova,Consumer,United States,Asheville,North Carolina,28806,South,Cassandra Brandow,TEC-PH-10001530,Technology,Phones,Cisco Unified IP Phone 7945G VoIP phone,Not,1363.96,5,0.20,85.25,35.595363,-82.5508407
794,CA-2014-156433,9/20/2014,9/26/2014,Standard Class,ES-14020,Erica Smith,Consumer,United States,San Francisco,California,94110,West,Anna Andreadi,OFF-LA-10001569,Office Supplies,Labels,Avery 499,Not,9.96,2,0.00,4.58,37.7792588,-122.4193286
795,CA-2014-156433,9/20/2014,9/26/2014,Standard Class,ES-14020,Erica Smith,Consumer,United States,San Francisco,California,94110,West,Anna Andreadi,OFF-PA-10003724,Office Supplies,Paper,"Wirebound Message Book, 4 per Page",Not,21.72,4,0.00,10.64,37.7792588,-122.4193286
796,CA-2017-151428,9/21/2017,9/26/2017,Standard Class,RH-19495,Rick Hansen,Consumer,United States,Rochester,Minnesota,55901,Central,Kelly Williams,OFF-BI-10000546,Office Supplies,Binders,Avery Durable Binders,Not,20.16,7,0.00,9.88,44.0234387,-92.4630182
797,CA-2015-124653,12/24/2015,12/26/2015,First Class,DB-13120,David Bremer,Corporate,United States,Rochester,New York,14609,East,Chuck Magee,OFF-PA-10000176,Office Supplies,Paper,Xerox 1887,Not,132.79,7,0.00,63.74,43.157285,-77.615214
798,CA-2015-124653,12/24/2015,12/26/2015,First Class,DB-13120,David Bremer,Corporate,United States,Rochester,New York,14609,East,Chuck Magee,OFF-PA-10002365,Office Supplies,Paper,Xerox 1967,Not,12.96,2,0.00,6.22,43.157285,-77.615214
799,CA-2015-124653,12/24/2015,12/26/2015,First Class,DB-13120,David Bremer,Corporate,United States,Rochester,New York,14609,East,Chuck Magee,OFF-LA-10002271,Office Supplies,Labels,Smead Alpha-Z Color-Coded Second Alphabetical Labels and Starter Set,Not,21.56,7,0.00,10.35,43.157285,-77.615214
800,CA-2015-101910,11/27/2015,11/27/2015,Standard Class,CD-11920,Carlos Daly,Consumer,United States,Lake Elsinore,California,92530,West,Anna Andreadi,FUR-CH-10002647,Furniture,Chairs,"Situations Contoured Folding Chairs, 4/Set",Yes,283.92,5,0.20,17.75,33.6680772,-117.3272615
801,CA-2017-105809,2/20/2017,2/23/2017,First Class,HW-14935,Helen Wasserman,Corporate,United States,San Diego,California,92105,West,Anna Andreadi,FUR-FU-10004090,Furniture,Furnishings,"Executive Impressions 14"" Contract Wall Clock",Not,22.23,1,0.00,7.34,32.7174202,-117.162772
802,CA-2017-105809,2/20/2017,2/23/2017,First Class,HW-14935,Helen Wasserman,Corporate,United States,San Diego,California,92105,West,Anna Andreadi,TEC-PH-10001580,Technology,Phones,Logitech Mobile Speakerphone P710e - speaker phone,Not,215.97,2,0.20,18.90,32.7174202,-117.162772
803,CA-2016-136133,8/18/2016,8/23/2016,Second Class,HW-14935,Helen Wasserman,Corporate,United States,New York City,New York,10024,East,Chuck Magee,OFF-AP-10000576,Office Supplies,Appliances,Belkin 7 Outlet SurgeMaster II,Not,355.32,9,0.00,99.49,40.7127281,-74.0060152
804,CA-2016-115504,12/3/2016,12/3/2016,Standard Class,MC-18130,Mike Caudle,Corporate,United States,Monroe,Louisiana,71203,South,Cassandra Brandow,OFF-PA-10003953,Office Supplies,Paper,Xerox 218,Not,12.96,2,0.00,6.22,32.5025471,-92.116219
805,CA-2017-135783,4/22/2017,4/24/2017,First Class,GM-14440,Gary McGarr,Consumer,United States,San Francisco,California,94122,West,Anna Andreadi,FUR-FU-10000794,Furniture,Furnishings,"Eldon Stackable Tray, Side-Load, Legal, Smoke",Not,18.28,2,0.00,6.22,37.7792588,-122.4193286
806,CA-2014-134313,1/11/2014,7/11/2014,Standard Class,RA-19915,Russell Applegate,Consumer,United States,Denver,Colorado,80219,West,Anna Andreadi,OFF-AR-10001897,Office Supplies,Art,Model L Table or Wall-Mount Pencil Sharpener,Not,43.18,3,0.20,4.32,39.7392364,-104.984862
807,CA-2014-134313,1/11/2014,7/11/2014,Standard Class,RA-19915,Russell Applegate,Consumer,United States,Denver,Colorado,80219,West,Anna Andreadi,TEC-PH-10001795,Technology,Phones,ClearOne CHATAttach 160 - speaker phone,Not,1983.97,4,0.20,248.00,39.7392364,-104.984862
808,CA-2015-140921,3/2/2015,5/2/2015,First Class,AA-10375,Allen Armold,Consumer,United States,Omaha,Nebraska,68104,Central,Kelly Williams,FUR-FU-10003347,Furniture,Furnishings,Coloredge Poster Frame,Not,28.40,2,0.00,11.08,41.2587459,-95.9383758
809,CA-2015-140921,3/2/2015,5/2/2015,First Class,AA-10375,Allen Armold,Consumer,United States,Omaha,Nebraska,68104,Central,Kelly Williams,TEC-AC-10004901,Technology,Accessories,Kensington SlimBlade Notebook Wireless Mouse with Nano Receiver,Not,149.97,3,0.00,50.99,41.2587459,-95.9383758
810,CA-2014-151995,10/13/2014,10/15/2014,First Class,ZC-21910,Zuschuss Carroll,Consumer,United States,Edmonds,Washington,98026,West,Anna Andreadi,OFF-AR-10003190,Office Supplies,Art,Newell 32,Not,11.52,4,0.00,3.23,47.8105738,-122.3774952
811,CA-2014-151995,10/13/2014,10/15/2014,First Class,ZC-21910,Zuschuss Carroll,Consumer,United States,Edmonds,Washington,98026,West,Anna Andreadi,FUR-TA-10002903,Furniture,Tables,"Bevis Round Bullnose 29"" High Table Top",Not,1298.55,5,0.00,311.65,47.8105738,-122.3774952
812,CA-2014-151995,10/13/2014,10/15/2014,First Class,ZC-21910,Zuschuss Carroll,Consumer,United States,Edmonds,Washington,98026,West,Anna Andreadi,OFF-AP-10000240,Office Supplies,Appliances,Belkin F9G930V10-GRY 9 Outlet Surge,Not,213.92,4,0.00,62.04,47.8105738,-122.3774952
813,CA-2014-151995,10/13/2014,10/15/2014,First Class,ZC-21910,Zuschuss Carroll,Consumer,United States,Edmonds,Washington,98026,West,Anna Andreadi,TEC-AC-10001101,Technology,Accessories,Sony 16GB Class 10 Micro SDHC R40 Memory Card,Not,25.78,2,0.00,2.58,47.8105738,-122.3774952
814,CA-2017-143686,5/14/2017,5/14/2017,Same Day,PJ-19015,Pauline Johnson,Consumer,United States,Santa Ana,California,92704,West,Anna Andreadi,FUR-FU-10000794,Furniture,Furnishings,"Eldon Stackable Tray, Side-Load, Legal, Smoke",Not,18.28,2,0.00,6.22,33.7494951,-117.873221
815,CA-2017-143686,5/14/2017,5/14/2017,Same Day,PJ-19015,Pauline Johnson,Consumer,United States,Santa Ana,California,92704,West,Anna Andreadi,TEC-AC-10001838,Technology,Accessories,Razer Tiamat Over Ear 7.1 Surround Sound PC Gaming Headset,Not,1399.93,7,0.00,601.97,33.7494951,-117.873221
816,CA-2015-106565,3/20/2015,3/23/2015,First Class,BW-11110,Bart Watters,Corporate,United States,Milwaukee,Wisconsin,53209,Central,Kelly Williams,OFF-PA-10000061,Office Supplies,Paper,Xerox 205,Not,51.84,8,0.00,24.88,43.0386475,-87.9090751
817,CA-2016-149370,9/15/2016,9/19/2016,Standard Class,DB-13210,Dean Braden,Consumer,United States,Philadelphia,Pennsylvania,19140,East,Chuck Magee,OFF-PA-10003651,Office Supplies,Paper,Xerox 1968,Not,5.34,1,0.20,1.87,39.9527237,-75.1635262
818,CA-2014-140858,6/28/2014,6/28/2014,Standard Class,CA-12775,Cynthia Arntzen,Consumer,United States,Philadelphia,Pennsylvania,19140,East,Chuck Magee,OFF-PA-10000304,Office Supplies,Paper,Xerox 1995,Not,41.47,8,0.20,14.52,39.9527237,-75.1635262
819,CA-2014-140858,6/28/2014,6/28/2014,Standard Class,CA-12775,Cynthia Arntzen,Consumer,United States,Philadelphia,Pennsylvania,19140,East,Chuck Magee,OFF-BI-10003094,Office Supplies,Binders,Self-Adhesive Ring Binder Labels,Not,3.17,3,0.70,-2.43,39.9527237,-75.1635262
820,CA-2014-140858,6/28/2014,6/28/2014,Standard Class,CA-12775,Cynthia Arntzen,Consumer,United States,Philadelphia,Pennsylvania,19140,East,Chuck Magee,FUR-CH-10001394,Furniture,Chairs,Global Leather Executive Chair,Not,1228.46,5,0.30,0.00,39.9527237,-75.1635262
821,CA-2014-140858,6/28/2014,6/28/2014,Standard Class,CA-12775,Cynthia Arntzen,Consumer,United States,Philadelphia,Pennsylvania,19140,East,Chuck Magee,OFF-BI-10004230,Office Supplies,Binders,GBC Recycled Grain Textured Covers,Not,31.09,3,0.70,-22.80,39.9527237,-75.1635262
822,CA-2014-140858,6/28/2014,6/28/2014,Standard Class,CA-12775,Cynthia Arntzen,Consumer,United States,Philadelphia,Pennsylvania,19140,East,Chuck Magee,OFF-PA-10003395,Office Supplies,Paper,Xerox 1941,Not,335.52,4,0.20,117.43,39.9527237,-75.1635262
823,CA-2017-101434,6/20/2017,6/27/2017,Standard Class,TR-21325,Toby Ritter,Consumer,United States,Belleville,New Jersey,7109,East,Chuck Magee,TEC-AC-10002402,Technology,Accessories,Razer Kraken PRO Over Ear PC and Music Headset,Not,239.97,3,0.00,71.99,40.7937116,-74.1501438
824,CA-2017-101434,6/20/2017,6/27/2017,Standard Class,TR-21325,Toby Ritter,Consumer,United States,Belleville,New Jersey,7109,East,Chuck Magee,OFF-LA-10003223,Office Supplies,Labels,Avery 508,Not,9.82,2,0.00,4.81,40.7937116,-74.1501438
825,US-2014-102071,9/5/2014,9/5/2014,Standard Class,PG-18820,Patrick Gardner,Consumer,United States,San Francisco,California,94110,West,Anna Andreadi,TEC-AC-10003441,Technology,Accessories,Kingston Digital DataTraveler 32GB USB 2.0,Not,67.80,4,0.00,4.07,37.7792588,-122.4193286
826,US-2014-102071,9/5/2014,9/5/2014,Standard Class,PG-18820,Patrick Gardner,Consumer,United States,San Francisco,California,94110,West,Anna Andreadi,TEC-AC-10000109,Technology,Accessories,Sony Micro Vault Click 16 GB USB 2.0 Flash Drive,Not,167.97,3,0.00,40.31,37.7792588,-122.4193286
827,CA-2017-126956,8/21/2017,8/28/2017,Standard Class,GT-14710,Greg Tran,Consumer,United States,Lakeville,Minnesota,55044,Central,Kelly Williams,OFF-FA-10002280,Office Supplies,Fasteners,Advantus Plastic Paper Clips,Not,35.00,7,0.00,16.80,44.650051,-93.2432791
828,CA-2017-126956,8/21/2017,8/28/2017,Standard Class,GT-14710,Greg Tran,Consumer,United States,Lakeville,Minnesota,55044,Central,Kelly Williams,OFF-SU-10000381,Office Supplies,Supplies,Acme Forged Steel Scissors with Black Enamel Handles,Not,37.24,4,0.00,10.80,44.650051,-93.2432791
829,CA-2017-126956,8/21/2017,8/28/2017,Standard Class,GT-14710,Greg Tran,Consumer,United States,Lakeville,Minnesota,55044,Central,Kelly Williams,OFF-EN-10004459,Office Supplies,Envelopes,Security-Tint Envelopes,Not,15.28,2,0.00,7.49,44.650051,-93.2432791
830,CA-2017-129462,6/16/2017,6/21/2017,Second Class,JE-15745,Joel Eaton,Consumer,United States,Florence,Kentucky,41042,South,Cassandra Brandow,FUR-CH-10000665,Furniture,Chairs,"Global Airflow Leather Mesh Back Chair, Black",Not,301.96,2,0.00,90.59,38.9989499,-84.6266111
831,CA-2017-129462,6/16/2017,6/21/2017,Second Class,JE-15745,Joel Eaton,Consumer,United States,Florence,Kentucky,41042,South,Cassandra Brandow,OFF-AP-10003884,Office Supplies,Appliances,"Fellowes Smart Surge Ten-Outlet Protector, Platinum",Not,180.66,3,0.00,50.58,38.9989499,-84.6266111
832,CA-2017-129462,6/16/2017,6/21/2017,Second Class,JE-15745,Joel Eaton,Consumer,United States,Florence,Kentucky,41042,South,Cassandra Brandow,TEC-PH-10001557,Technology,Phones,Pyle PMP37LED,Not,191.98,2,0.00,51.83,38.9989499,-84.6266111
833,CA-2017-129462,6/16/2017,6/21/2017,Second Class,JE-15745,Joel Eaton,Consumer,United States,Florence,Kentucky,41042,South,Cassandra Brandow,TEC-PH-10002085,Technology,Phones,Clarity 53712,Not,65.99,1,0.00,17.16,38.9989499,-84.6266111
834,CA-2016-165316,7/23/2016,7/27/2016,Standard Class,JB-15400,Jennifer Braxton,Corporate,United States,Tampa,Florida,33614,South,Cassandra Brandow,OFF-AR-10002956,Office Supplies,Art,Boston 16801 Nautilus Battery Pencil Sharpener,Not,35.22,2,0.20,2.64,27.9477595,-82.458444
835,CA-2016-165316,7/23/2016,7/27/2016,Standard Class,JB-15400,Jennifer Braxton,Corporate,United States,Tampa,Florida,33614,South,Cassandra Brandow,OFF-AP-10003266,Office Supplies,Appliances,"Holmes Replacement Filter for HEPA Air Cleaner, Large Room",Not,23.70,2,0.20,6.52,27.9477595,-82.458444
836,CA-2016-165316,7/23/2016,7/27/2016,Standard Class,JB-15400,Jennifer Braxton,Corporate,United States,Tampa,Florida,33614,South,Cassandra Brandow,TEC-MA-10004002,Technology,Machines,Zebra GX420t Direct Thermal/Thermal Transfer Printer,Not,265.48,1,0.50,-111.50,27.9477595,-82.458444
837,US-2014-115987,8/9/2014,9/13/2014,Second Class,LH-17020,Lisa Hazard,Consumer,United States,Tyler,Texas,75701,Central,Kelly Williams,OFF-BI-10001071,Office Supplies,Binders,GBC ProClick Punch Binding System,Not,51.18,4,0.80,-79.34,32.3512601,-95.3010624
838,US-2017-156083,4/11/2017,11/11/2017,Standard Class,JL-15175,James Lanier,Home Office,United States,Columbia,Tennessee,38401,South,Cassandra Brandow,OFF-PA-10001560,Office Supplies,Paper,"Adams Telephone Message Books, 5 1/4” x 11”",Not,9.66,2,0.20,3.26,35.6148165,-87.0338464
839,US-2016-137547,7/3/2016,12/3/2016,Standard Class,EB-13705,Ed Braxton,Corporate,United States,Fort Worth,Texas,76106,Central,Kelly Williams,TEC-PH-10002365,Technology,Phones,Belkin Grip Candy Sheer Case / Cover for iPhone 5 and 5S,Not,21.07,3,0.20,1.58,32.753177,-97.3327459
840,CA-2015-100454,11/20/2015,11/25/2015,Standard Class,BM-11650,Brian Moss,Corporate,United States,New York City,New York,10035,East,Chuck Magee,OFF-AR-10004648,Office Supplies,Art,Boston 19500 Mighty Mite Electric Pencil Sharpener,Not,60.45,3,0.00,16.32,40.7127281,-74.0060152
841,CA-2015-100454,11/20/2015,11/25/2015,Standard Class,BM-11650,Brian Moss,Corporate,United States,New York City,New York,10035,East,Chuck Magee,OFF-AR-10002578,Office Supplies,Art,Newell 335,Not,11.52,4,0.00,3.34,40.7127281,-74.0060152
842,CA-2015-100454,11/20/2015,11/25/2015,Standard Class,BM-11650,Brian Moss,Corporate,United States,New York City,New York,10035,East,Chuck Magee,FUR-BO-10001519,Furniture,Bookcases,O'Sullivan 3-Shelf Heavy-Duty Bookcases,Not,186.05,4,0.20,9.30,40.7127281,-74.0060152
843,CA-2016-161669,7/11/2016,9/11/2016,First Class,EM-14095,Eudokia Martin,Corporate,United States,Los Angeles,California,90036,West,Anna Andreadi,OFF-BI-10001294,Office Supplies,Binders,Fellowes Binding Cases,Not,37.44,4,0.20,11.70,34.0536909,-118.242766
844,CA-2016-161669,7/11/2016,9/11/2016,First Class,EM-14095,Eudokia Martin,Corporate,United States,Los Angeles,California,90036,West,Anna Andreadi,OFF-BI-10001636,Office Supplies,Binders,Ibico Plastic and Wire Spiral Binding Combs,Not,26.98,4,0.20,8.77,34.0536909,-118.242766
845,CA-2016-161669,7/11/2016,9/11/2016,First Class,EM-14095,Eudokia Martin,Corporate,United States,Los Angeles,California,90036,West,Anna Andreadi,OFF-SU-10002503,Office Supplies,Supplies,Acme Preferred Stainless Steel Scissors,Not,11.36,2,0.00,3.29,34.0536909,-118.242766
846,CA-2016-161669,7/11/2016,9/11/2016,First Class,EM-14095,Eudokia Martin,Corporate,United States,Los Angeles,California,90036,West,Anna Andreadi,OFF-LA-10004093,Office Supplies,Labels,Avery 486,Not,14.62,2,0.00,6.87,34.0536909,-118.242766
847,CA-2015-114300,10/13/2015,10/17/2015,Standard Class,AF-10885,Art Foster,Consumer,United States,Louisville,Kentucky,40214,South,Cassandra Brandow,TEC-PH-10001552,Technology,Phones,I Need's 3d Hello Kitty Hybrid Silicone Case Cover for HTC One X 4g with 3d Hello Kitty Stylus Pen Green/pink,Not,83.72,7,0.00,23.44,38.2542376,-85.759407
848,CA-2015-114300,10/13/2015,10/17/2015,Standard Class,AF-10885,Art Foster,Consumer,United States,Louisville,Kentucky,40214,South,Cassandra Brandow,FUR-CH-10001891,Furniture,Chairs,Global Deluxe Office Fabric Chairs,Not,287.94,3,0.00,77.74,38.2542376,-85.759407
849,CA-2017-107503,1/1/2017,6/1/2017,Standard Class,GA-14725,Guy Armstrong,Consumer,United States,Lorain,Ohio,44052,East,Chuck Magee,FUR-FU-10003878,Furniture,Furnishings,"Linden 10"" Round Wall Clock, Black",Not,48.90,4,0.20,8.56,41.4673238,-82.1781904
850,CA-2014-107755,7/2/2014,12/2/2014,Standard Class,CK-12760,Cyma Kinney,Corporate,United States,Linden,New Jersey,7036,East,Chuck Magee,TEC-AC-10000710,Technology,Accessories,Maxell DVD-RAM Discs,Not,115.36,7,0.00,49.60,40.6220478,-74.2445902
851,CA-2016-152534,6/20/2016,6/25/2016,Second Class,DP-13105,Dave Poirier,Corporate,United States,Salinas,California,93905,West,Anna Andreadi,OFF-AR-10002335,Office Supplies,Art,DIXON Oriole Pencils,Not,5.16,2,0.00,1.34,36.6744117,-121.655037
852,CA-2016-152534,6/20/2016,6/25/2016,Second Class,DP-13105,Dave Poirier,Corporate,United States,Salinas,California,93905,West,Anna Andreadi,OFF-PA-10001870,Office Supplies,Paper,Xerox 202,Not,38.88,6,0.00,18.66,36.6744117,-121.655037
853,CA-2016-113747,5/28/2016,5/28/2016,Standard Class,VD-21670,Valerie Dominguez,Consumer,United States,Jackson,Mississippi,39212,South,Cassandra Brandow,OFF-AR-10003373,Office Supplies,Art,"Boston School Pro Electric Pencil Sharpener, 1670",Not,185.88,6,0.00,50.19,32.2998686,-90.1830408
854,CA-2016-123274,2/19/2016,2/24/2016,Standard Class,GT-14710,Greg Tran,Consumer,United States,New York City,New York,10035,East,Chuck Magee,FUR-FU-10004090,Furniture,Furnishings,"Executive Impressions 14"" Contract Wall Clock",Not,44.46,2,0.00,14.67,40.7127281,-74.0060152
855,CA-2016-123274,2/19/2016,2/24/2016,Standard Class,GT-14710,Greg Tran,Consumer,United States,New York City,New York,10035,East,Chuck Magee,OFF-ST-10000736,Office Supplies,Storage,Carina Double Wide Media Storage Towers in Natural & Black,Not,242.94,3,0.00,9.72,40.7127281,-74.0060152
856,CA-2014-125612,3/8/2014,8/8/2014,Standard Class,BK-11260,Berenike Kampe,Consumer,United States,New York City,New York,10035,East,Chuck Magee,OFF-PA-10001019,Office Supplies,Paper,Xerox 1884,Not,39.96,2,0.00,18.78,40.7127281,-74.0060152
857,CA-2014-125612,3/8/2014,8/8/2014,Standard Class,BK-11260,Berenike Kampe,Consumer,United States,New York City,New York,10035,East,Chuck Magee,OFF-SU-10002537,Office Supplies,Supplies,Acme Box Cutter Scissors,Not,102.30,10,0.00,26.60,40.7127281,-74.0060152
858,CA-2014-125612,3/8/2014,8/8/2014,Standard Class,BK-11260,Berenike Kampe,Consumer,United States,New York City,New York,10035,East,Chuck Magee,OFF-ST-10003221,Office Supplies,Storage,Staple magnet,Not,21.36,2,0.00,5.77,40.7127281,-74.0060152
859,CA-2017-161984,10/4/2017,10/4/2017,Standard Class,SJ-20125,Sanjit Jacobs,Home Office,United States,New Brunswick,New Jersey,8901,East,Chuck Magee,OFF-PA-10004569,Office Supplies,Paper,"Wirebound Message Books, Two 4 1/4"" x 5"" Forms per Page",Not,7.61,1,0.00,3.58,40.4862174,-74.4518173
860,CA-2017-161984,10/4/2017,10/4/2017,Standard Class,SJ-20125,Sanjit Jacobs,Home Office,United States,New Brunswick,New Jersey,8901,East,Chuck Magee,OFF-FA-10000624,Office Supplies,Fasteners,OIC Binder Clips,Not,7.16,2,0.00,3.58,40.4862174,-74.4518173
861,CA-2014-133851,9/6/2014,9/6/2014,Standard Class,CM-12445,Chuck Magee,Consumer,United States,San Francisco,California,94122,West,Anna Andreadi,OFF-SU-10001225,Office Supplies,Supplies,Staple remover,Not,7.36,2,0.00,0.15,37.7792588,-122.4193286
862,CA-2014-133851,9/6/2014,9/6/2014,Standard Class,CM-12445,Chuck Magee,Consumer,United States,San Francisco,California,94122,West,Anna Andreadi,OFF-AR-10003752,Office Supplies,Art,Deluxe Chalkboard Eraser Cleaner,Not,23.10,2,0.00,10.63,37.7792588,-122.4193286
863,CA-2016-134474,5/1/2016,7/1/2016,Second Class,AJ-10795,Anthony Johnson,Corporate,United States,Jacksonville,Florida,32216,South,Cassandra Brandow,TEC-AC-10001714,Technology,Accessories,Logitech MX Performance Wireless Mouse,Not,191.47,6,0.20,40.69,30.3321838,-81.655651
864,CA-2016-134474,5/1/2016,7/1/2016,Second Class,AJ-10795,Anthony Johnson,Corporate,United States,Jacksonville,Florida,32216,South,Cassandra Brandow,OFF-AR-10003958,Office Supplies,Art,Newell 337,Not,5.25,2,0.20,0.59,30.3321838,-81.655651
865,CA-2016-134474,5/1/2016,7/1/2016,Second Class,AJ-10795,Anthony Johnson,Corporate,United States,Jacksonville,Florida,32216,South,Cassandra Brandow,TEC-PH-10002923,Technology,Phones,"Logitech B530 USB Headset - headset - Full size, Binaural",Not,59.18,2,0.20,5.18,30.3321838,-81.655651
866,CA-2014-149020,10/1/2014,10/1/2014,Standard Class,AJ-10780,Anthony Jacobs,Corporate,United States,Springfield,Virginia,22153,South,Cassandra Brandow,OFF-LA-10004272,Office Supplies,Labels,Avery 482,Not,2.89,1,0.00,1.36,38.7791227,-77.1861196
867,CA-2014-149020,10/1/2014,10/1/2014,Standard Class,AJ-10780,Anthony Jacobs,Corporate,United States,Springfield,Virginia,22153,South,Cassandra Brandow,FUR-FU-10000965,Furniture,Furnishings,"Howard Miller 11-1/2"" Diameter Ridgewood Wall Clock",Not,51.94,1,0.00,21.30,38.7791227,-77.1861196
868,CA-2016-134362,9/29/2016,9/29/2016,First Class,LS-16945,Linda Southworth,Corporate,United States,Philadelphia,Pennsylvania,19140,East,Chuck Magee,OFF-LA-10004853,Office Supplies,Labels,Avery 483,Not,15.94,4,0.20,5.18,39.9527237,-75.1635262
869,CA-2014-136742,6/4/2014,10/4/2014,Standard Class,GP-14740,Guy Phonely,Corporate,United States,Lancaster,Pennsylvania,17602,East,Chuck Magee,OFF-BI-10003719,Office Supplies,Binders,Large Capacity Hanging Post Binders,Not,44.91,6,0.70,-35.93,40.03813,-76.3056686
870,CA-2016-158099,3/9/2016,5/9/2016,First Class,PK-18910,Paul Knutson,Home Office,United States,Philadelphia,Pennsylvania,19143,East,Chuck Magee,OFF-BI-10000545,Office Supplies,Binders,GBC Ibimaster 500 Manual ProClick Binding System,Not,1141.47,5,0.70,-760.98,39.9527237,-75.1635262
871,CA-2016-158099,3/9/2016,5/9/2016,First Class,PK-18910,Paul Knutson,Home Office,United States,Philadelphia,Pennsylvania,19143,East,Chuck Magee,TEC-PH-10002496,Technology,Phones,Cisco SPA301,Not,280.78,3,0.40,-46.80,39.9527237,-75.1635262
872,CA-2015-131128,10/19/2015,10/20/2015,First Class,TB-21520,Tracy Blumstein,Consumer,United States,Concord,New Hampshire,3301,East,Chuck Magee,OFF-PA-10003591,Office Supplies,Paper,Southworth 100% Cotton The Best Paper,Not,34.44,3,0.00,17.22,43.207178,-71.537476
873,CA-2014-148488,10/12/2014,12/15/2014,Standard Class,SM-20005,Sally Matthias,Consumer,United States,New York City,New York,10009,East,Chuck Magee,OFF-PA-10004470,Office Supplies,Paper,"Adams Write n' Stick Phone Message Book, 11"" X 5 1/4"", 200 Messages",Not,11.36,2,0.00,5.23,40.7127281,-74.0060152
874,CA-2014-148488,10/12/2014,12/15/2014,Standard Class,SM-20005,Sally Matthias,Consumer,United States,New York City,New York,10009,East,Chuck Magee,OFF-BI-10000315,Office Supplies,Binders,Poly Designer Cover & Back,Not,106.34,7,0.20,37.22,40.7127281,-74.0060152
875,CA-2017-114636,8/25/2017,8/29/2017,Standard Class,GA-14725,Guy Armstrong,Consumer,United States,Charlotte,North Carolina,28205,South,Cassandra Brandow,OFF-PA-10001790,Office Supplies,Paper,Xerox 1910,Not,192.16,5,0.20,67.26,35.2272086,-80.8430827
876,CA-2016-116736,1/17/2016,1/21/2016,Standard Class,CC-12430,Chuck Clark,Home Office,United States,Concord,New Hampshire,3301,East,Chuck Magee,FUR-FU-10004017,Furniture,Furnishings,"Tenex Contemporary Contur Chairmats for Low and Medium Pile Carpet, Computer, 39"" x 49""",Yes,322.59,3,0.00,64.52,43.207178,-71.537476
877,CA-2016-116736,1/17/2016,1/21/2016,Standard Class,CC-12430,Chuck Clark,Home Office,United States,Concord,New Hampshire,3301,East,Chuck Magee,TEC-AC-10003628,Technology,Accessories,Logitech 910-002974 M325 Wireless Mouse for Web Scrolling,Yes,29.99,1,0.00,13.20,43.207178,-71.537476
878,CA-2016-116736,1/17/2016,1/21/2016,Standard Class,CC-12430,Chuck Clark,Home Office,United States,Concord,New Hampshire,3301,East,Chuck Magee,TEC-AC-10002049,Technology,Accessories,Logitech G19 Programmable Gaming Keyboard,Yes,371.97,3,0.00,66.95,43.207178,-71.537476
879,US-2014-158638,9/17/2014,9/21/2014,Standard Class,AG-10765,Anthony Garverick,Home Office,United States,Philadelphia,Pennsylvania,19120,East,Chuck Magee,OFF-BI-10003712,Office Supplies,Binders,"Acco Pressboard Covers with Storage Hooks, 14 7/8"" x 11"", Light Blue",Not,5.89,4,0.70,-4.12,39.9527237,-75.1635262
880,CA-2017-111689,11/30/2017,11/30/2017,Second Class,HP-14815,Harold Pawlan,Home Office,United States,New York City,New York,10024,East,Chuck Magee,OFF-BI-10003984,Office Supplies,Binders,Lock-Up Easel 'Spel-Binder',Not,68.47,3,0.20,23.11,40.7127281,-74.0060152
881,CA-2017-111689,11/30/2017,11/30/2017,Second Class,HP-14815,Harold Pawlan,Home Office,United States,New York City,New York,10024,East,Chuck Magee,FUR-CH-10004287,Furniture,Chairs,SAFCO Arco Folding Chair,Not,1242.90,5,0.10,262.39,40.7127281,-74.0060152
882,CA-2015-129098,9/10/2015,10/13/2015,Standard Class,DK-13090,Dave Kipp,Consumer,United States,Springfield,Virginia,22153,South,Cassandra Brandow,OFF-ST-10001321,Office Supplies,Storage,"Decoflex Hanging Personal Folder File, Blue",Not,30.84,2,0.00,8.33,38.7791227,-77.1861196
883,US-2017-123463,12/23/2017,12/23/2017,Same Day,GZ-14470,Gary Zandusky,Consumer,United States,San Francisco,California,94109,West,Anna Andreadi,OFF-AR-10001118,Office Supplies,Art,"Binney & Smith Crayola Metallic Crayons, 16-Color Pack",Not,13.48,4,0.00,5.93,37.7792588,-122.4193286
884,CA-2016-165148,10/22/2016,10/24/2016,First Class,PM-19135,Peter McVee,Home Office,United States,Detroit,Michigan,48227,Central,Kelly Williams,FUR-FU-10000732,Furniture,Furnishings,Eldon 200 Class Desk Accessories,Not,31.40,5,0.00,10.05,42.3315509,-83.0466403
885,CA-2014-134061,4/29/2014,4/29/2014,Standard Class,LL-16840,Lauren Leatherbury,Consumer,United States,Rochester,New York,14609,East,Chuck Magee,FUR-FU-10001424,Furniture,Furnishings,Dax Clear Box Frame,Not,17.46,2,0.00,5.94,43.157285,-77.615214
886,CA-2015-143602,4/25/2015,4/28/2015,Second Class,JS-15595,Jill Stevenson,Corporate,United States,Los Angeles,California,90045,West,Anna Andreadi,OFF-BI-10002071,Office Supplies,Binders,Fellowes Black Plastic Comb Bindings,Yes,13.94,3,0.20,4.53,34.0536909,-118.242766
887,CA-2017-115364,6/26/2017,6/26/2017,Standard Class,OT-18730,Olvera Toch,Consumer,United States,San Diego,California,92105,West,Anna Andreadi,OFF-ST-10002486,Office Supplies,Storage,Eldon Shelf Savers Cubes and Bins,Not,83.76,12,0.00,1.68,32.7174202,-117.162772
888,CA-2017-150707,10/14/2017,10/19/2017,Standard Class,EL-13735,Ed Ludwig,Home Office,United States,Columbia,Maryland,21044,East,Chuck Magee,OFF-BI-10001078,Office Supplies,Binders,"Acco PRESSTEX Data Binder with Storage Hooks, Dark Blue, 14 7/8"" X 11""",Not,37.66,7,0.00,18.45,39.2156213,-76.8582049
889,CA-2014-104976,9/12/2014,12/16/2014,Standard Class,CK-12760,Cyma Kinney,Corporate,United States,San Francisco,California,94122,West,Anna Andreadi,OFF-PA-10003845,Office Supplies,Paper,Xerox 1987,Not,34.68,6,0.00,16.99,37.7792588,-122.4193286
890,CA-2017-132934,6/20/2017,6/26/2017,Standard Class,JE-15475,Jeremy Ellison,Consumer,United States,New Rochelle,New York,10801,East,Chuck Magee,TEC-AC-10000927,Technology,Accessories,Anker Ultrathin Bluetooth Wireless Keyboard Aluminum Cover with Stand,Not,149.95,5,0.00,14.99,40.9115386,-73.7826363
891,CA-2017-132934,6/20/2017,6/26/2017,Standard Class,JE-15475,Jeremy Ellison,Consumer,United States,New Rochelle,New York,10801,East,Chuck Magee,OFF-BI-10001098,Office Supplies,Binders,Acco D-Ring Binder w/DublLock,Not,51.31,3,0.20,18.60,40.9115386,-73.7826363
892,CA-2017-133256,6/26/2017,6/27/2017,First Class,TH-21550,Tracy Hopkins,Home Office,United States,Detroit,Michigan,48227,Central,Kelly Williams,OFF-PA-10001622,Office Supplies,Paper,"Ampad Poly Cover Wirebound Steno Book, 6"" x 9"" Assorted Colors, Gregg Ruled",Not,4.54,1,0.00,2.04,42.3315509,-83.0466403
893,CA-2017-133256,6/26/2017,6/27/2017,First Class,TH-21550,Tracy Hopkins,Home Office,United States,Detroit,Michigan,48227,Central,Kelly Williams,OFF-AR-10003158,Office Supplies,Art,Fluorescent Highlighters by Dixon,Not,15.92,4,0.00,5.41,42.3315509,-83.0466403
894,CA-2017-133256,6/26/2017,6/27/2017,First Class,TH-21550,Tracy Hopkins,Home Office,United States,Detroit,Michigan,48227,Central,Kelly Williams,TEC-PH-10002660,Technology,Phones,Nortel Networks T7316 E Nt8 B27,Not,543.92,8,0.00,135.98,42.3315509,-83.0466403
895,CA-2016-105494,10/11/2016,12/11/2016,First Class,PC-18745,Pamela Coakley,Corporate,United States,San Francisco,California,94122,West,Anna Andreadi,OFF-ST-10002205,Office Supplies,Storage,File Shuttle I and Handi-File,Not,155.82,7,0.00,42.07,37.7792588,-122.4193286
896,CA-2016-105494,10/11/2016,12/11/2016,First Class,PC-18745,Pamela Coakley,Corporate,United States,San Francisco,California,94122,West,Anna Andreadi,OFF-BI-10003364,Office Supplies,Binders,Binding Machine Supplies,Not,70.01,3,0.20,24.50,37.7792588,-122.4193286
897,CA-2016-140634,3/10/2016,6/10/2016,Second Class,HL-15040,Hunter Lopez,Consumer,United States,Houston,Texas,77095,Central,Kelly Williams,OFF-EN-10001099,Office Supplies,Envelopes,Staple envelope,Not,15.65,2,0.20,5.09,29.7589382,-95.3676974
898,CA-2014-144407,9/9/2014,9/15/2014,Standard Class,MS-17365,Maribeth Schnelling,Consumer,United States,Detroit,Michigan,48227,Central,Kelly Williams,OFF-LA-10003923,Office Supplies,Labels,Alphabetical Labels for Top Tab Filing,Not,103.60,7,0.00,51.80,42.3315509,-83.0466403
899,CA-2017-160983,10/29/2017,10/31/2017,Second Class,GB-14530,George Bell,Corporate,United States,Auburn,New York,13021,East,Chuck Magee,OFF-PA-10002250,Office Supplies,Paper,Things To Do Today Pad,Not,46.96,8,0.00,22.54,42.9320202,-76.5672029
900,US-2016-114622,10/4/2016,12/4/2016,First Class,JR-16210,Justin Ritter,Corporate,United States,Springfield,Ohio,45503,East,Chuck Magee,OFF-BI-10004716,Office Supplies,Binders,Wilson Jones Hanging Recycled Pressboard Data Binders,Not,8.90,2,0.70,-6.53,39.9234046,-83.810138
901,CA-2017-150959,11/11/2017,11/13/2017,First Class,TD-20995,Tamara Dahlen,Consumer,United States,Garland,Texas,75043,Central,Kelly Williams,OFF-LA-10001045,Office Supplies,Labels,Permanent Self-Adhesive File Folder Labels for Typewriters by Universal,Not,10.44,5,0.20,3.39,32.912624,-96.6388833
902,CA-2017-150959,11/11/2017,11/13/2017,First Class,TD-20995,Tamara Dahlen,Consumer,United States,Garland,Texas,75043,Central,Kelly Williams,OFF-BI-10001510,Office Supplies,Binders,Deluxe Heavy-Duty Vinyl Round Ring Binder,Not,18.34,4,0.80,-32.09,32.912624,-96.6388833
903,CA-2017-132353,9/15/2017,9/17/2017,First Class,DB-13060,Dave Brooks,Consumer,United States,Chicago,Illinois,60653,Central,Kelly Williams,TEC-PH-10004536,Technology,Phones,Avaya 5420 Digital phone,Not,323.98,3,0.20,20.25,41.8755616,-87.6244212
904,CA-2016-130477,8/4/2016,12/4/2016,Standard Class,LC-17140,Logan Currie,Consumer,United States,Los Angeles,California,90032,West,Anna Andreadi,OFF-PA-10002947,Office Supplies,Paper,Xerox 1923,Yes,20.04,3,0.00,9.62,34.0536909,-118.242766
905,CA-2016-130477,8/4/2016,12/4/2016,Standard Class,LC-17140,Logan Currie,Consumer,United States,Los Angeles,California,90032,West,Anna Andreadi,OFF-ST-10002583,Office Supplies,Storage,Fellowes Neat Ideas Storage Cubes,Yes,64.96,2,0.00,2.60,34.0536909,-118.242766
906,CA-2016-130477,8/4/2016,12/4/2016,Standard Class,LC-17140,Logan Currie,Consumer,United States,Los Angeles,California,90032,West,Anna Andreadi,OFF-PA-10000019,Office Supplies,Paper,Xerox 1931,Yes,12.96,2,0.00,6.22,34.0536909,-118.242766
907,CA-2017-143259,12/30/2017,3/1/2018,Standard Class,PO-18865,Patrick O'Donnell,Consumer,United States,New York City,New York,10009,East,Chuck Magee,FUR-BO-10003441,Furniture,Bookcases,"Bush Westfield Collection Bookcases, Fully Assembled",Not,323.14,4,0.20,12.12,40.7127281,-74.0060152
908,CA-2017-143259,12/30/2017,3/1/2018,Standard Class,PO-18865,Patrick O'Donnell,Consumer,United States,New York City,New York,10009,East,Chuck Magee,TEC-PH-10004774,Technology,Phones,Gear Head AU3700S Headset,Not,90.93,7,0.00,2.73,40.7127281,-74.0060152
909,CA-2017-143259,12/30/2017,3/1/2018,Standard Class,PO-18865,Patrick O'Donnell,Consumer,United States,New York City,New York,10009,East,Chuck Magee,OFF-BI-10003684,Office Supplies,Binders,Wilson Jones Legal Size Ring Binders,Not,52.78,3,0.20,19.79,40.7127281,-74.0060152
910,CA-2017-137596,2/9/2017,7/9/2017,Standard Class,BE-11335,Bill Eplett,Home Office,United States,Jackson,Michigan,49201,Central,Kelly Williams,TEC-PH-10001494,Technology,Phones,Polycom CX600 IP Phone VoIP phone,Not,1199.80,4,0.00,323.95,42.2465036,-84.4016963
911,CA-2017-137596,2/9/2017,7/9/2017,Standard Class,BE-11335,Bill Eplett,Home Office,United States,Jackson,Michigan,49201,Central,Kelly Williams,TEC-AC-10004666,Technology,Accessories,Maxell iVDR EX 500GB Cartridge,Not,1928.78,7,0.00,829.38,42.2465036,-84.4016963
912,CA-2017-137596,2/9/2017,7/9/2017,Standard Class,BE-11335,Bill Eplett,Home Office,United States,Jackson,Michigan,49201,Central,Kelly Williams,OFF-ST-10003816,Office Supplies,Storage,Fellowes High-Stak Drawer Files,Not,352.38,2,0.00,81.05,42.2465036,-84.4016963
913,CA-2015-133627,5/31/2015,7/6/2015,Standard Class,SC-20050,Sample Company A,Home Office,United States,Norwich,Connecticut,6360,East,Chuck Magee,FUR-FU-10001935,Furniture,Furnishings,3M Hangers With Command Adhesive,Not,22.20,6,0.00,9.10,41.5243537,-72.0759008
914,CA-2017-102519,11/27/2017,11/29/2017,First Class,BM-11650,Brian Moss,Corporate,United States,Milwaukee,Wisconsin,53209,Central,Kelly Williams,FUR-FU-10004091,Furniture,Furnishings,"Howard Miller 13"" Diameter Goldtone Round Wall Clock",Yes,46.94,1,0.00,19.25,43.0386475,-87.9090751
915,CA-2017-102519,11/27/2017,11/29/2017,First Class,BM-11650,Brian Moss,Corporate,United States,Milwaukee,Wisconsin,53209,Central,Kelly Williams,TEC-AC-10001772,Technology,Accessories,Memorex Mini Travel Drive 16 GB USB 2.0 Flash Drive,Yes,143.73,9,0.00,56.05,43.0386475,-87.9090751
916,US-2014-141215,6/15/2014,6/21/2014,Standard Class,KL-16555,Kelly Lampkin,Corporate,United States,San Antonio,Texas,78207,Central,Kelly Williams,FUR-TA-10001520,Furniture,Tables,"Lesro Sheffield Collection Coffee Table, End Table, Center Table, Corner Table",Not,99.92,2,0.30,-18.56,29.4246002,-98.4951405
917,US-2014-141215,6/15/2014,6/21/2014,Standard Class,KL-16555,Kelly Lampkin,Corporate,United States,San Antonio,Texas,78207,Central,Kelly Williams,FUR-CH-10003379,Furniture,Chairs,Global Commerce Series High-Back Swivel/Tilt Chairs,Not,797.94,4,0.30,-57.00,29.4246002,-98.4951405
918,US-2014-141215,6/15/2014,6/21/2014,Standard Class,KL-16555,Kelly Lampkin,Corporate,United States,San Antonio,Texas,78207,Central,Kelly Williams,OFF-BI-10002706,Office Supplies,Binders,Avery Premier Heavy-Duty Binder with Round Locking Rings,Not,8.57,3,0.80,-14.57,29.4246002,-98.4951405
919,CA-2016-165218,5/3/2016,11/3/2016,Standard Class,RW-19630,Rob Williams,Corporate,United States,Dallas,Texas,75220,Central,Kelly Williams,OFF-EN-10000056,Office Supplies,Envelopes,Cameo Buff Policy Envelopes,Not,149.35,3,0.20,50.41,32.7762719,-96.7968559
920,CA-2016-165218,5/3/2016,11/3/2016,Standard Class,RW-19630,Rob Williams,Corporate,United States,Dallas,Texas,75220,Central,Kelly Williams,OFF-ST-10001558,Office Supplies,Storage,Acco Perma 4000 Stacking Storage Drawers,Not,12.99,1,0.20,-0.81,32.7762719,-96.7968559
921,CA-2014-138296,5/12/2014,12/12/2014,Standard Class,RC-19825,Roy Collins,Consumer,United States,Alexandria,Virginia,22304,South,Cassandra Brandow,OFF-ST-10002444,Office Supplies,Storage,Recycled Eldon Regeneration Jumbo File,Not,24.56,2,0.00,6.88,38.8051095,-77.0470229
922,CA-2015-111164,11/4/2015,11/4/2015,Standard Class,SE-20110,Sanjit Engle,Consumer,United States,New York City,New York,10009,East,Chuck Magee,TEC-AC-10002473,Technology,Accessories,Maxell 4.7GB DVD-R,Not,85.14,3,0.00,34.91,40.7127281,-74.0060152
923,CA-2015-111164,11/4/2015,11/4/2015,Standard Class,SE-20110,Sanjit Engle,Consumer,United States,New York City,New York,10009,East,Chuck Magee,TEC-PH-10004531,Technology,Phones,OtterBox Commuter Series Case - iPhone 5 & 5s,Not,21.99,1,0.00,10.56,40.7127281,-74.0060152
924,CA-2015-111164,11/4/2015,11/4/2015,Standard Class,SE-20110,Sanjit Engle,Consumer,United States,New York City,New York,10009,East,Chuck Magee,OFF-AP-10004487,Office Supplies,Appliances,Kensington 4 Outlet MasterPiece Compact Power Control Center,Not,406.60,5,0.00,113.85,40.7127281,-74.0060152
925,CA-2016-149797,9/15/2016,9/20/2016,Standard Class,AH-10075,Adam Hart,Corporate,United States,New York City,New York,10011,East,Chuck Magee,OFF-BI-10003650,Office Supplies,Binders,GBC DocuBind 300 Electric Binding Machine,Not,841.57,2,0.20,294.55,40.7127281,-74.0060152
926,CA-2014-132962,9/13/2014,9/16/2014,First Class,JM-15535,Jessica Myrick,Consumer,United States,Philadelphia,Pennsylvania,19143,East,Chuck Magee,OFF-PA-10003543,Office Supplies,Paper,Xerox 1985,Not,15.55,3,0.20,5.44,39.9527237,-75.1635262
927,CA-2014-132962,9/13/2014,9/16/2014,First Class,JM-15535,Jessica Myrick,Consumer,United States,Philadelphia,Pennsylvania,19143,East,Chuck Magee,TEC-AC-10004353,Technology,Accessories,Hypercom P1300 Pinpad,Not,252.00,5,0.20,53.55,39.9527237,-75.1635262
928,CA-2015-115091,5/10/2015,9/10/2015,Standard Class,JJ-15760,Joel Jenkins,Home Office,United States,Springfield,Virginia,22153,South,Cassandra Brandow,OFF-AR-10000658,Office Supplies,Art,Newell 324,Not,46.20,4,0.00,12.94,38.7791227,-77.1861196
929,CA-2015-115091,5/10/2015,9/10/2015,Standard Class,JJ-15760,Joel Jenkins,Home Office,United States,Springfield,Virginia,22153,South,Cassandra Brandow,OFF-AP-10000696,Office Supplies,Appliances,Holmes Odor Grabber,Not,28.84,2,0.00,9.52,38.7791227,-77.1861196
930,CA-2017-144932,4/14/2017,4/17/2017,First Class,AB-10165,Alan Barnes,Consumer,United States,Toledo,Ohio,43615,East,Chuck Magee,OFF-AR-10003560,Office Supplies,Art,Zebra Zazzle Fluorescent Highlighters,Not,14.59,3,0.20,2.55,41.6529143,-83.5378173
931,CA-2017-144932,4/14/2017,4/17/2017,First Class,AB-10165,Alan Barnes,Consumer,United States,Toledo,Ohio,43615,East,Chuck Magee,OFF-AR-10001468,Office Supplies,Art,"Sanford Prismacolor Professional Thick Lead Art Pencils, 36-Color Set",Not,89.86,3,0.20,21.34,41.6529143,-83.5378173
932,CA-2017-144932,4/14/2017,4/17/2017,First Class,AB-10165,Alan Barnes,Consumer,United States,Toledo,Ohio,43615,East,Chuck Magee,OFF-PA-10004971,Office Supplies,Paper,Xerox 196,Not,13.87,3,0.20,5.03,41.6529143,-83.5378173
933,CA-2017-114216,2/9/2017,6/9/2017,Standard Class,RK-19300,Ralph Kennedy,Consumer,United States,Philadelphia,Pennsylvania,19140,East,Chuck Magee,OFF-PA-10002195,Office Supplies,Paper,"RSVP Cards & Envelopes, Blank White, 8-1/2"" X 11"", 24 Cards/25 Envelopes/Set",Not,12.19,3,0.20,4.11,39.9527237,-75.1635262
934,CA-2016-140081,6/20/2016,6/24/2016,Standard Class,CG-12040,Catherine Glotzbach,Home Office,United States,Philadelphia,Pennsylvania,19120,East,Chuck Magee,OFF-PA-10001745,Office Supplies,Paper,"Wirebound Message Books, 2 7/8"" x 5"", 3 Forms per Page",Not,45.06,8,0.20,15.21,39.9527237,-75.1635262
935,CA-2016-140081,6/20/2016,6/24/2016,Standard Class,CG-12040,Catherine Glotzbach,Home Office,United States,Philadelphia,Pennsylvania,19120,East,Chuck Magee,OFF-BI-10004826,Office Supplies,Binders,JM Magazine Binder,Not,29.72,6,0.70,-21.79,39.9527237,-75.1635262
936,CA-2016-140081,6/20/2016,6/24/2016,Standard Class,CG-12040,Catherine Glotzbach,Home Office,United States,Philadelphia,Pennsylvania,19120,East,Chuck Magee,OFF-PA-10001870,Office Supplies,Paper,Xerox 202,Not,15.55,3,0.20,5.44,39.9527237,-75.1635262
937,CA-2016-140081,6/20/2016,6/24/2016,Standard Class,CG-12040,Catherine Glotzbach,Home Office,United States,Philadelphia,Pennsylvania,19120,East,Chuck Magee,OFF-AP-10001058,Office Supplies,Appliances,Sanyo 2.5 Cubic Foot Mid-Size Office Refrigerators,Not,447.70,2,0.20,33.58,39.9527237,-75.1635262
938,US-2017-111745,5/11/2017,6/11/2017,First Class,RA-19885,Ruben Ausman,Corporate,United States,Farmington,New Mexico,87401,West,Anna Andreadi,TEC-AC-10003911,Technology,Accessories,NETGEAR AC1750 Dual Band Gigabit Smart WiFi Router,Not,159.99,1,0.00,54.40,36.7291152,-108.205445
939,CA-2015-148250,12/13/2015,12/17/2015,Standard Class,RP-19270,Rachel Payne,Corporate,United States,Riverside,California,92503,West,Anna Andreadi,OFF-PA-10000289,Office Supplies,Paper,Xerox 213,Not,12.96,2,0.00,6.22,33.9824949,-117.374238
940,CA-2015-148250,12/13/2015,12/17/2015,Standard Class,RP-19270,Rachel Payne,Corporate,United States,Riverside,California,92503,West,Anna Andreadi,OFF-AP-10003040,Office Supplies,Appliances,Fellowes 8 Outlet Superior Workstation Surge Protector w/o Phone/Fax/Modem Protection,Not,134.48,4,0.00,34.96,33.9824949,-117.374238
941,CA-2016-105760,6/19/2016,6/20/2016,First Class,KC-16255,Karen Carlisle,Corporate,United States,San Francisco,California,94110,West,Anna Andreadi,OFF-PA-10000350,Office Supplies,Paper,"Message Book, Standard Line ""While You Were Out"", 5 1/2"" X 4"", 200 Sets/Book",Not,17.12,2,0.00,8.05,37.7792588,-122.4193286
942,CA-2016-142958,12/13/2016,12/20/2016,Standard Class,RW-19630,Rob Williams,Corporate,United States,Torrance,California,90503,West,Anna Andreadi,OFF-BI-10001759,Office Supplies,Binders,"Acco Pressboard Covers with Storage Hooks, 14 7/8"" x 11"", Dark Blue",Not,6.10,2,0.20,2.21,33.8371392,-118.3413606
943,CA-2016-142958,12/13/2016,12/20/2016,Standard Class,RW-19630,Rob Williams,Corporate,United States,Torrance,California,90503,West,Anna Andreadi,FUR-TA-10000577,Furniture,Tables,Bretford CR4500 Series Slim Rectangular Table,Not,1114.27,4,0.20,41.79,33.8371392,-118.3413606
944,CA-2015-120880,5/29/2015,5/29/2015,Standard Class,JL-15850,John Lucas,Consumer,United States,Seattle,Washington,98105,West,Anna Andreadi,OFF-PA-10004101,Office Supplies,Paper,Xerox 1894,Not,32.40,5,0.00,15.55,47.6038321,-122.330062
945,CA-2015-120880,5/29/2015,5/29/2015,Standard Class,JL-15850,John Lucas,Consumer,United States,Seattle,Washington,98105,West,Anna Andreadi,OFF-ST-10001496,Office Supplies,Storage,Standard Rollaway File with Lock,Not,540.57,3,0.00,140.55,47.6038321,-122.330062
946,CA-2015-120880,5/29/2015,5/29/2015,Standard Class,JL-15850,John Lucas,Consumer,United States,Seattle,Washington,98105,West,Anna Andreadi,OFF-BI-10002931,Office Supplies,Binders,"Avery Trapezoid Extra Heavy Duty 4"" Binders",Not,167.76,5,0.20,62.91,47.6038321,-122.330062
947,US-2015-140200,7/26/2015,7/28/2015,First Class,CA-12775,Cynthia Arntzen,Consumer,United States,Mesa,Arizona,85204,West,Anna Andreadi,FUR-TA-10002356,Furniture,Tables,Bevis Boat-Shaped Conference Table,Not,393.17,3,0.50,-204.45,33.4151005,-111.831455
948,US-2017-110576,11/28/2017,11/28/2017,Standard Class,RB-19795,Ross Baird,Home Office,United States,Philadelphia,Pennsylvania,19120,East,Chuck Magee,FUR-FU-10003601,Furniture,Furnishings,"Deflect-o RollaMat Studded, Beveled Mat for Medium Pile Carpeting",Not,516.49,7,0.20,-12.91,39.9527237,-75.1635262
949,US-2017-110576,11/28/2017,11/28/2017,Standard Class,RB-19795,Ross Baird,Home Office,United States,Philadelphia,Pennsylvania,19120,East,Chuck Magee,FUR-FU-10000576,Furniture,Furnishings,Luxo Professional Fluorescent Magnifier Lamp with Clamp-Mount Base,Not,1007.23,6,0.20,75.54,39.9527237,-75.1635262
950,US-2017-110576,11/28/2017,11/28/2017,Standard Class,RB-19795,Ross Baird,Home Office,United States,Philadelphia,Pennsylvania,19120,East,Chuck Magee,FUR-TA-10004154,Furniture,Tables,"Riverside Furniture Oval Coffee Table, Oval End Table, End Table with Drawer",Not,2065.32,12,0.40,-619.60,39.9527237,-75.1635262
951,US-2017-110576,11/28/2017,11/28/2017,Standard Class,RB-19795,Ross Baird,Home Office,United States,Philadelphia,Pennsylvania,19120,East,Chuck Magee,OFF-PA-10000788,Office Supplies,Paper,Xerox 210,Not,15.55,3,0.20,5.44,39.9527237,-75.1635262
952,US-2017-110576,11/28/2017,11/28/2017,Standard Class,RB-19795,Ross Baird,Home Office,United States,Philadelphia,Pennsylvania,19120,East,Chuck Magee,OFF-PA-10002479,Office Supplies,Paper,Xerox 4200 Series MultiUse Premium Copy Paper (20Lb. and 84 Bright),Not,25.34,6,0.20,7.92,39.9527237,-75.1635262
953,CA-2017-131156,3/4/2017,7/4/2017,Standard Class,KH-16360,Katherine Hughes,Consumer,United States,Philadelphia,Pennsylvania,19143,East,Chuck Magee,FUR-FU-10001940,Furniture,Furnishings,Staple-based wall hangings,Not,25.47,4,0.20,7.64,39.9527237,-75.1635262
954,CA-2017-136539,12/28/2017,1/1/2018,Standard Class,GH-14665,Greg Hansen,Consumer,United States,Round Rock,Texas,78664,Central,Kelly Williams,OFF-AR-10001958,Office Supplies,Art,Stanley Bostitch Contemporary Electric Pencil Sharpeners,Yes,27.17,2,0.20,2.72,30.5085915,-97.6788056
955,CA-2017-136539,12/28/2017,1/1/2018,Standard Class,GH-14665,Greg Hansen,Consumer,United States,Round Rock,Texas,78664,Central,Kelly Williams,FUR-BO-10004709,Furniture,Bookcases,"Bush Westfield Collection Bookcases, Medium Cherry Finish",Yes,78.85,2,0.32,-11.60,30.5085915,-97.6788056
956,CA-2017-119305,11/30/2017,11/30/2017,Standard Class,SW-20275,Scott Williamson,Consumer,United States,Jackson,Mississippi,39212,South,Cassandra Brandow,OFF-ST-10000604,Office Supplies,Storage,Home/Office Personal File Carts,Not,173.80,5,0.00,43.45,32.2998686,-90.1830408
957,CA-2017-102414,5/15/2017,5/18/2017,Second Class,JA-15970,Joseph Airdo,Consumer,United States,Phoenix,Arizona,85023,West,Anna Andreadi,TEC-PH-10002923,Technology,Phones,"Logitech B530 USB Headset - headset - Full size, Binaural",Not,29.59,1,0.20,2.59,33.4484367,-112.074141
958,CA-2017-102414,5/15/2017,5/18/2017,Second Class,JA-15970,Joseph Airdo,Consumer,United States,Phoenix,Arizona,85023,West,Anna Andreadi,OFF-BI-10004465,Office Supplies,Binders,Avery Durable Slant Ring Binders,Not,4.75,2,0.70,-3.17,33.4484367,-112.074141
959,CA-2017-102414,5/15/2017,5/18/2017,Second Class,JA-15970,Joseph Airdo,Consumer,United States,Phoenix,Arizona,85023,West,Anna Andreadi,OFF-PA-10002333,Office Supplies,Paper,"Universal Ultra Bright White Copier/Laser Paper, 8 1/2"" x 11"", Ream",Not,15.55,3,0.20,5.64,33.4484367,-112.074141
960,CA-2015-112571,9/22/2015,9/22/2015,Same Day,DL-12925,Daniel Lacy,Consumer,United States,Oceanside,California,92054,West,Anna Andreadi,FUR-FU-10004188,Furniture,Furnishings,Luxo Professional Combination Clamp-On Lamps,Not,204.60,2,0.00,53.20,33.1958696,-117.379483
961,CA-2017-152142,11/14/2017,11/19/2017,Standard Class,LW-16990,Lindsay Williams,Corporate,United States,San Francisco,California,94110,West,Anna Andreadi,FUR-CH-10002965,Furniture,Chairs,"Global Leather Highback Executive Chair with Pneumatic Height Adjustment, Black",Not,321.57,2,0.20,28.14,37.7792588,-122.4193286
962,CA-2015-160059,11/27/2015,11/27/2015,Standard Class,TB-21190,Thomas Brumley,Home Office,United States,Fayetteville,Arkansas,72701,South,Cassandra Brandow,OFF-BI-10000145,Office Supplies,Binders,Zipper Ring Binder Pockets,Not,6.24,2,0.00,3.06,36.0625843,-94.1574328
963,CA-2016-120859,1/9/2016,4/9/2016,First Class,CV-12805,Cynthia Voltz,Corporate,United States,San Francisco,California,94110,West,Anna Andreadi,OFF-EN-10001335,Office Supplies,Envelopes,"White Business Envelopes with Contemporary Seam, Recycled White Business Envelopes",Not,21.88,2,0.00,10.94,37.7792588,-122.4193286
964,CA-2014-127488,9/22/2014,9/24/2014,Second Class,MS-17365,Maribeth Schnelling,Consumer,United States,Boca Raton,Florida,33433,South,Cassandra Brandow,OFF-LA-10001613,Office Supplies,Labels,Avery File Folder Labels,Not,4.61,2,0.20,1.67,26.3586885,-80.0830984
965,CA-2017-135279,9/4/2017,11/4/2017,First Class,BS-11800,Bryan Spruell,Home Office,United States,New York City,New York,10011,East,Chuck Magee,OFF-LA-10004055,Office Supplies,Labels,Color-Coded Legal Exhibit Labels,Not,9.82,2,0.00,4.81,40.7127281,-74.0060152
966,CA-2017-135279,9/4/2017,11/4/2017,First Class,BS-11800,Bryan Spruell,Home Office,United States,New York City,New York,10011,East,Chuck Magee,OFF-AR-10004344,Office Supplies,Art,Bulldog Vacuum Base Pencil Sharpener,Not,35.97,3,0.00,9.71,40.7127281,-74.0060152
967,CA-2017-135279,9/4/2017,11/4/2017,First Class,BS-11800,Bryan Spruell,Home Office,United States,New York City,New York,10011,East,Chuck Magee,OFF-PA-10004621,Office Supplies,Paper,Xerox 212,Not,12.96,2,0.00,6.22,40.7127281,-74.0060152
968,CA-2017-135279,9/4/2017,11/4/2017,First Class,BS-11800,Bryan Spruell,Home Office,United States,New York City,New York,10011,East,Chuck Magee,OFF-PA-10001281,Office Supplies,Paper,Computer Printout Paper with Letter-Trim Fine Perforations,Not,191.60,4,0.00,91.97,40.7127281,-74.0060152
969,CA-2017-135279,9/4/2017,11/4/2017,First Class,BS-11800,Bryan Spruell,Home Office,United States,New York City,New York,10011,East,Chuck Magee,OFF-LA-10001613,Office Supplies,Labels,Avery File Folder Labels,Not,8.64,3,0.00,4.23,40.7127281,-74.0060152
970,CA-2017-135279,9/4/2017,11/4/2017,First Class,BS-11800,Bryan Spruell,Home Office,United States,New York City,New York,10011,East,Chuck Magee,OFF-ST-10001097,Office Supplies,Storage,Office Impressions Heavy Duty Welded Shelving & Multimedia Storage Drawers,Not,501.81,3,0.00,0.00,40.7127281,-74.0060152
971,CA-2014-115791,1/16/2014,1/18/2014,Second Class,DL-13315,Delfina Latchford,Consumer,United States,Philadelphia,Pennsylvania,19134,East,Chuck Magee,FUR-FU-10001095,Furniture,Furnishings,DAX Black Cherry Wood-Tone Poster Frame,Not,127.10,6,0.20,28.60,39.9527237,-75.1635262
972,CA-2014-115791,1/16/2014,1/18/2014,Second Class,DL-13315,Delfina Latchford,Consumer,United States,Philadelphia,Pennsylvania,19134,East,Chuck Magee,TEC-PH-10004614,Technology,Phones,AT&T 841000 Phone,Not,124.20,3,0.40,-31.05,39.9527237,-75.1635262
973,CA-2014-115791,1/16/2014,1/18/2014,Second Class,DL-13315,Delfina Latchford,Consumer,United States,Philadelphia,Pennsylvania,19134,East,Chuck Magee,OFF-BI-10001575,Office Supplies,Binders,GBC Linen Binding Covers,Not,18.59,2,0.70,-13.63,39.9527237,-75.1635262
974,CA-2014-115791,1/16/2014,1/18/2014,Second Class,DL-13315,Delfina Latchford,Consumer,United States,Philadelphia,Pennsylvania,19134,East,Chuck Magee,OFF-LA-10001074,Office Supplies,Labels,Round Specialty Laser Printer Labels,Not,30.07,3,0.20,10.15,39.9527237,-75.1635262
975,US-2017-103247,5/10/2017,8/10/2017,Second Class,PO-19195,Phillina Ober,Home Office,United States,New York City,New York,10011,East,Chuck Magee,TEC-PH-10003555,Technology,Phones,Motorola HK250 Universal Bluetooth Headset,Yes,160.93,7,0.00,3.22,40.7127281,-74.0060152
976,US-2017-103247,5/10/2017,8/10/2017,Second Class,PO-19195,Phillina Ober,Home Office,United States,New York City,New York,10011,East,Chuck Magee,OFF-BI-10004492,Office Supplies,Binders,Tuf-Vin Binders,Yes,75.79,3,0.20,25.58,40.7127281,-74.0060152
977,US-2017-100209,9/7/2017,9/7/2017,Standard Class,TD-20995,Tamara Dahlen,Consumer,United States,Portland,Oregon,97206,West,Anna Andreadi,OFF-BI-10002012,Office Supplies,Binders,Wilson Jones Easy Flow II Sheet Lifters,Not,1.08,2,0.70,-0.79,45.5202471,-122.674194
978,CA-2017-159366,7/1/2017,10/1/2017,First Class,BW-11110,Bart Watters,Corporate,United States,Detroit,Michigan,48205,Central,Kelly Williams,TEC-MA-10000822,Technology,Machines,Lexmark MX611dhe Monochrome Laser Printer,Not,3059.98,2,0.10,680.00,42.3315509,-83.0466403
979,CA-2016-145499,5/30/2016,5/31/2016,First Class,RW-19690,Robert Waldorf,Consumer,United States,Wilmington,North Carolina,28403,South,Cassandra Brandow,OFF-BI-10000848,Office Supplies,Binders,Angle-D Ring Binders,Not,3.28,2,0.70,-2.63,34.2257282,-77.9447107
980,CA-2015-157035,9/12/2015,12/12/2015,First Class,KB-16600,Ken Brennan,Corporate,United States,Columbus,Indiana,47201,Central,Kelly Williams,OFF-PA-10004156,Office Supplies,Paper,Xerox 188,Not,34.02,3,0.00,16.67,39.2014405,-85.9213796
981,CA-2016-144939,3/10/2016,8/10/2016,Standard Class,EB-13870,Emily Burns,Consumer,United States,New York City,New York,10035,East,Chuck Magee,FUR-CH-10003199,Furniture,Chairs,Office Star - Contemporary Task Swivel Chair,Not,599.29,6,0.10,93.22,40.7127281,-74.0060152
982,CA-2014-163419,11/11/2014,11/14/2014,Second Class,TZ-21580,Tracy Zic,Consumer,United States,Louisville,Colorado,80027,West,Anna Andreadi,OFF-AR-10000034,Office Supplies,Art,"BIC Brite Liner Grip Highlighters, Assorted, 5/Pack",Not,3.39,1,0.20,0.81,39.977763,-105.1319296
983,CA-2014-163419,11/11/2014,11/14/2014,Second Class,TZ-21580,Tracy Zic,Consumer,United States,Louisville,Colorado,80027,West,Anna Andreadi,TEC-PH-10000560,Technology,Phones,Samsung Galaxy S III - 16GB - pebble blue (T-Mobile),Not,559.98,2,0.20,56.00,39.977763,-105.1319296
984,CA-2014-163419,11/11/2014,11/14/2014,Second Class,TZ-21580,Tracy Zic,Consumer,United States,Louisville,Colorado,80027,West,Anna Andreadi,FUR-CH-10000665,Furniture,Chairs,"Global Airflow Leather Mesh Back Chair, Black",Not,603.92,5,0.20,75.49,39.977763,-105.1319296
985,CA-2017-100314,9/29/2017,9/29/2017,Standard Class,AS-10630,Ann Steele,Home Office,United States,Pasadena,Texas,77506,Central,Kelly Williams,OFF-LA-10001569,Office Supplies,Labels,Avery 499,Not,7.97,2,0.20,2.59,29.6910753,-95.2092076
986,CA-2017-100314,9/29/2017,9/29/2017,Standard Class,AS-10630,Ann Steele,Home Office,United States,Pasadena,Texas,77506,Central,Kelly Williams,OFF-EN-10000461,Office Supplies,Envelopes,"#10- 4 1/8"" x 9 1/2"" Recycled Envelopes",Not,27.97,4,0.20,9.44,29.6910753,-95.2092076
987,CA-2017-100314,9/29/2017,9/29/2017,Standard Class,AS-10630,Ann Steele,Home Office,United States,Pasadena,Texas,77506,Central,Kelly Williams,TEC-MA-10003066,Technology,Machines,Wasp CCD Handheld Bar Code Reader,Not,336.51,3,0.40,44.87,29.6910753,-95.2092076
988,CA-2015-146829,10/3/2015,10/3/2015,Same Day,TS-21340,Toby Swindell,Consumer,United States,Houston,Texas,77041,Central,Kelly Williams,OFF-BI-10004022,Office Supplies,Binders,Acco Suede Grain Vinyl Round Ring Binder,Not,1.11,2,0.80,-1.89,29.7589382,-95.3676974
989,CA-2017-167899,5/21/2017,5/26/2017,Standard Class,JG-15805,John Grady,Corporate,United States,Auburn,New York,13021,East,Chuck Magee,FUR-FU-10004071,Furniture,Furnishings,Luxo Professional Magnifying Clamp-On Fluorescent Lamps,Not,520.05,5,0.00,72.81,42.9320202,-76.5672029
990,CA-2017-167899,5/21/2017,5/26/2017,Standard Class,JG-15805,John Grady,Corporate,United States,Auburn,New York,13021,East,Chuck Magee,OFF-AR-10001988,Office Supplies,Art,Bulldog Table or Wall-Mount Pencil Sharpener,Not,17.97,3,0.00,5.21,42.9320202,-76.5672029
991,CA-2015-153549,3/29/2015,3/31/2015,Second Class,SL-20155,Sara Luxemburg,Home Office,United States,Jacksonville,Florida,32216,South,Cassandra Brandow,FUR-CH-10004086,Furniture,Chairs,Hon 4070 Series Pagoda Armless Upholstered Stacking Chairs,Not,1166.92,5,0.20,131.28,30.3321838,-81.655651
992,CA-2016-110023,9/9/2016,11/9/2016,First Class,TS-21610,Troy Staebel,Consumer,United States,New York City,New York,10024,East,Chuck Magee,OFF-BI-10001036,Office Supplies,Binders,Cardinal EasyOpen D-Ring Binders,Not,14.62,2,0.20,5.48,40.7127281,-74.0060152
993,CA-2016-105585,8/26/2016,8/27/2016,First Class,RF-19735,Roland Fjeld,Consumer,United States,San Jose,California,95123,West,Anna Andreadi,OFF-FA-10002983,Office Supplies,Fasteners,Advantus SlideClip Paper Clips,Yes,10.23,3,0.00,4.91,37.3361663,-121.890591
994,CA-2016-105585,8/26/2016,8/27/2016,First Class,RF-19735,Roland Fjeld,Consumer,United States,San Jose,California,95123,West,Anna Andreadi,OFF-PA-10003625,Office Supplies,Paper,Xerox 1979,Yes,154.90,5,0.00,69.70,37.3361663,-121.890591
995,CA-2014-117639,5/21/2014,5/25/2014,Standard Class,MW-18235,Mitch Willingham,Corporate,United States,Virginia Beach,Virginia,23464,South,Cassandra Brandow,OFF-BI-10003925,Office Supplies,Binders,Fellowes PB300 Plastic Comb Binding Machine,Not,2715.93,7,0.00,1276.49,36.8496579,-75.9760751
996,CA-2014-117639,5/21/2014,5/25/2014,Standard Class,MW-18235,Mitch Willingham,Corporate,United States,Virginia Beach,Virginia,23464,South,Cassandra Brandow,TEC-PH-10001530,Technology,Phones,Plantronics Voyager Pro Legend,Not,617.97,3,0.00,173.03,36.8496579,-75.9760751
997,CA-2015-162537,10/28/2015,10/28/2015,Standard Class,RD-19585,Rob Dowd,Consumer,United States,Henderson,Kentucky,42420,South,Cassandra Brandow,OFF-EN-10003862,Office Supplies,Envelopes,Laser & Ink Jet Business Envelopes,Not,10.67,1,0.00,4.91,37.8367513,-87.5907631
998,CA-2015-162537,10/28/2015,10/28/2015,Standard Class,RD-19585,Rob Dowd,Consumer,United States,Henderson,Kentucky,42420,South,Cassandra Brandow,OFF-ST-10004258,Office Supplies,Storage,Portable Personal File Box,Not,36.63,3,0.00,9.89,37.8367513,-87.5907631
999,CA-2015-162537,10/28/2015,10/28/2015,Standard Class,RD-19585,Rob Dowd,Consumer,United States,Henderson,Kentucky,42420,South,Cassandra Brandow,FUR-FU-10002885,Furniture,Furnishings,Magna Visual Magnetic Picture Hangers,Not,24.10,5,0.00,9.16,37.8367513,-87.5907631
1000,CA-2015-162537,10/28/2015,10/28/2015,Standard Class,RD-19585,Rob Dowd,Consumer,United States,Henderson,Kentucky,42420,South,Cassandra Brandow,FUR-FU-10001918,Furniture,Furnishings,C-Line Cubicle Keepers Polyproplyene Holder With Velcro Backings,Not,33.11,7,0.00,12.91,37.8367513,-87.5907631
